#
# A fatal error has been detected by the Java Runtime Environment:
#
#  SIGSEGV (0xb) at pc=0x0000000107b14a90, pid=39354, tid=37635
#
# JRE version: OpenJDK Runtime Environment Temurin-21.0.10+7 (21.0.10+7) (build 21.0.10+7-LTS)
# Java VM: OpenJDK 64-Bit Server VM Temurin-21.0.10+7 (21.0.10+7-LTS, mixed mode, tiered, compressed oops, compressed class ptrs, g1 gc, bsd-amd64)
# Problematic frame:
# V  [libjvm.dylib+0x98da90]  SharedRuntime::continuation_for_implicit_exception(JavaThread*, unsigned char*, SharedRuntime::ImplicitExceptionKind)+0x130
#
# No core dump will be written. Core dumps have been disabled. To enable core dumping, try "ulimit -c unlimited" before starting Java again
#
# If you would like to submit a bug report, please visit:
#   https://github.com/adoptium/adoptium-support/issues
#

---------------  S U M M A R Y ------------

Command Line: -Dfile.encoding=UTF-8 -Dstdout.encoding=UTF-8 -Dstderr.encoding=UTF-8 -XX:+ShowCodeDetailsInExceptionMessages org.example.atumari.AtumariApplication

Host: "MacBookPro15,4" x86_64 1400 MHz, 8 cores, 8G, Darwin 24.6.0, macOS 15.7.9 (24G830)
Time: Sat Oct  3 17:44:36 2026 KST elapsed time: 7676.781405 seconds (0d 2h 7m 56s)

---------------  T H R E A D  ---------------

Current thread (0x00007f7d453a9a00):  JavaThread "http-nio-8080-exec-7" daemon [_thread_in_Java, id=37635, stack(0x0000700004b3b000,0x0000700004c3b000) (1024K)]

Stack: [0x0000700004b3b000,0x0000700004c3b000],  sp=0x0000700004c387b0,  free space=1013k
Native frames: (J=compiled Java code, j=interpreted, Vv=VM code, C=native code)
V  [libjvm.dylib+0x98da90]  SharedRuntime::continuation_for_implicit_exception(JavaThread*, unsigned char*, SharedRuntime::ImplicitExceptionKind)+0x130
V  [libjvm.dylib+0x8f5e9e]  PosixSignals::pd_hotspot_signal_handler(int, __siginfo*, __darwin_ucontext*, JavaThread*)+0x2ae
V  [libjvm.dylib+0xa16c2f]  JVM_handle_bsd_signal+0x10f
C  [libsystem_platform.dylib+0x331d]  _sigtramp+0x1d

siginfo: si_signo: 11 (SIGSEGV), si_code: 1 (SEGV_MAPERR), si_addr: 0x00000001ffff467e

Registers:
RAX=0x00000001ffff45be, RBX=0x000000011874dff5, RCX=0x000000011874de10, RDX=0x0000000118593000
RSP=0x0000700004c387b0, RBP=0x0000700004c387d0, RSI=0x000000011874dff5, RDI=0x000000011874de10
R8 =0x0000000106077000, R9 =0x0000000000000000, R10=0x00000000000000a8, R11=0x0000000118167a0b
R12=0x0000700004c38ce0, R13=0x000000000000000a, R14=0x00007f7d453a9a00, R15=0x000000011874de10
RIP=0x0000000107b14a90, EFLAGS=0x0000000000010283, ERR=0x0000000000000004
  TRAPNO=0x000000000000000e


Register to memory mapping:

RAX=0x00000001ffff45be is an unknown value
RBX=
[error occurred during error reporting (printing register info), id 0xb, SIGSEGV (0xb) at pc=0x00000001074b9ce0]
RCX=
[error occurred during error reporting (printing register info, attempt 2), id 0xb, SIGSEGV (0xb) at pc=0x00000001074b9ce0]
RDX=0x0000000118593000 points into unknown readable memory: 0x0000000000000008 | 08 00 00 00 00 00 00 00
RSP=0x0000700004c387b0 is pointing into the stack for thread: 0x00007f7d453a9a00
RBP=0x0000700004c387d0 is pointing into the stack for thread: 0x00007f7d453a9a00
RSI=
[error occurred during error reporting (printing register info, attempt 3), id 0xb, SIGSEGV (0xb) at pc=0x00000001074b9ce0]
Top of Stack: (sp=0x0000700004c387b0)
0x0000700004c387b0:   0000000107fb6101 0000700004c38d48
0x0000700004c387c0:   00007f7d453a9a00 000000000000000b
0x0000700004c387d0:   0000700004c38820 0000000107a7ce9e
0x0000700004c387e0:   0000000118a6c9c4 0000000000000000
0x0000700004c387f0:   000000011874dff5 0000700004c38d48
0x0000700004c38800:   0000000000000001 00007f7d453a9a00
0x0000700004c38810:   000000011874dff5 000000000000000b
0x0000700004c38820:   0000700004c388a0 0000000107b9dc2f
0x0000700004c38830:   0000000100000698 0000000000000000
0x0000700004c38840:   00006000029ce850 0000000000000057
0x0000700004c38850:   0000000000000059 0000000000000090
0x0000700004c38860:   0000000000000059 0000000100000023
0x0000700004c38870:   0000700004c38ce0 0000700004c38d48
0x0000700004c38880:   625a3e89a410b0ea 0000000784fc9808
0x0000700004c38890:   00000008003e3970 00007f7d453a9a00
0x0000700004c388a0:   0000700004c388b0 00007ff80a9c931d
0x0000700004c388b0:   0000000000000001 0000700004c36340
0x0000700004c388c0:   0000000107b0e480 0000000000000000
0x0000700004c388d0:   0000000118710190 000000040000000e
0x0000700004c388e0:   0000000000000500 00000000c5fc97f0
0x0000700004c388f0:   0000000000001cf9 000000012cbba000
0x0000700004c38900:   0000000782465ea0 00000000000004e0
0x0000700004c38910:   0000000784fc97f0 0000000000000001
0x0000700004c38920:   0000700004c38e00 0000000784fc9751
0x0000700004c38930:   0000000784fc9818 0000000784fc97f0
0x0000700004c38940:   0000000000000000 0000000000000000
0x0000700004c38950:   0000000784fc9808 00000008003e3970
0x0000700004c38960:   00007f7d453a9a00 000000011874dff5
0x0000700004c38970:   0000000000010286 000000000000002b
0x0000700004c38980:   0000000000000000 0000000000000000
0x0000700004c38990:   0000000000000000 000000000000037f
0x0000700004c389a0:   0000000000000000 0000000000000000 

Instructions: (pc=0x0000000107b14a90)
0x0000000107b14990:   39 d9 76 26 83 fa 02 0f 84 07 01 00 00 83 fa 01
0x0000000107b149a0:   0f 84 07 01 00 00 85 d2 0f 85 d4 01 00 00 48 8d
0x0000000107b149b0:   05 1b 68 4f 00 e9 68 01 00 00 85 d2 74 2e 83 fa
0x0000000107b149c0:   01 74 67 83 fa 02 0f 85 84 01 00 00 48 8d 35 1e
0x0000000107b149d0:   89 33 00 4c 89 f7 48 89 da 31 c0 e8 c0 01 00 00
0x0000000107b149e0:   48 8d 05 c9 88 4e 00 e9 36 01 00 00 48 89 df e8
0x0000000107b149f0:   9c d8 20 00 48 89 df 84 c0 74 72 e8 30 d9 20 00
0x0000000107b14a00:   48 85 c0 0f 84 27 01 00 00 48 0f bf 48 0a 48 01
0x0000000107b14a10:   c8 48 83 c0 10 48 39 d8 0f 84 ae 00 00 00 48 8d
0x0000000107b14a20:   35 0b 89 33 00 e9 e4 00 00 00 48 89 df e8 7e de
0x0000000107b14a30:   9a ff 48 85 c0 0f 84 26 01 00 00 48 89 c7 48 89
0x0000000107b14a40:   de ba 01 00 00 00 e8 75 05 9e ff 49 89 c7 48 8d
0x0000000107b14a50:   35 2b 8a 33 00 4c 89 f7 48 89 da 48 89 c1 31 c0
0x0000000107b14a60:   e8 3b 01 00 00 4c 89 f8 e9 b8 00 00 00 e8 be bc
0x0000000107b14a70:   9a ff 48 85 c0 0f 84 b5 00 00 00 49 89 c7 80 78
0x0000000107b14a80:   5d 00 74 69 49 39 5f 08 77 2c 49 8b 07 4c 89 ff
0x0000000107b14a90:   ff 90 c0 00 00 00 48 39 d8 76 1b 48 8d 35 ea 88
0x0000000107b14aa0:   33 00 eb 6a 48 8d 05 2d 67 4f 00 eb 75 48 8d 05
0x0000000107b14ab0:   0c 67 4f 00 eb 6c 49 8b 7f 70 e8 d1 46 f0 ff 84
0x0000000107b14ac0:   c0 74 71 48 8d 35 ec 88 33 00 eb 42 48 8d 35 3d
0x0000000107b14ad0:   88 33 00 4c 89 f7 48 89 da 31 c0 e8 c0 00 00 00
0x0000000107b14ae0:   48 8b 05 01 83 4e 00 48 8b 40 08 eb 38 49 8b 07
0x0000000107b14af0:   4c 89 ff ff 50 50 84 c0 75 0d 49 8b 07 4c 89 ff
0x0000000107b14b00:   ff 50 60 84 c0 74 29 48 8d 35 50 88 33 00 4c 89
0x0000000107b14b10:   f7 48 89 da 31 c0 e8 85 00 00 00 48 8d 05 86 87
0x0000000107b14b20:   4e 00 48 8b 00 48 83 c4 08 5b 41 5e 41 5f 5d c3
0x0000000107b14b30:   31 c0 eb f1 4c 89 ff 48 89 de 31 d2 e8 7f 04 9e
0x0000000107b14b40:   ff 49 89 c7 48 8d 35 05 89 33 00 e9 05 ff ff ff
0x0000000107b14b50:   48 8d 3d 44 85 33 00 be c1 03 00 00 e8 ff 02 a1
0x0000000107b14b60:   ff 48 8d 3d 33 85 33 00 48 8d 15 73 88 33 00 48
0x0000000107b14b70:   8d 0d 8c 88 33 00 be b6 03 00 00 31 c0 e8 fe ff
0x0000000107b14b80:   a0 ff 48 8d 3d 12 85 33 00 be 53 03 00 00 e8 cd 


Stack slot to memory mapping:

stack at sp + 0 slots: 0x0000000107fb6101: _ZZN13RelocIterator18virtual_call_relocEvE5proto+0x21 in /Library/Java/JavaVirtualMachines/temurin-21.jdk/Contents/Home/lib/server/libjvm.dylib at 0x0000000107187000
stack at sp + 1 slots: 0x0000700004c38d48 is pointing into the stack for thread: 0x00007f7d453a9a00
stack at sp + 2 slots: 0x00007f7d453a9a00 is a thread
stack at sp + 3 slots: 0x000000000000000b is an unknown value
stack at sp + 4 slots: 0x0000700004c38820 is pointing into the stack for thread: 0x00007f7d453a9a00
stack at sp + 5 slots: 0x0000000107a7ce9e: _ZN12PosixSignals25pd_hotspot_signal_handlerEiP9__siginfoP17__darwin_ucontextP10JavaThread+0x2ae in /Library/Java/JavaVirtualMachines/temurin-21.jdk/Contents/Home/lib/server/libjvm.dylib at 0x0000000107187000
stack at sp + 6 slots: 0x0000000118a6c9c4 is at entry_point+3012 in (nmethod*)0x0000000118a6b810
Compiled method (c2) 7676798 14963   !   4       org.apache.coyote.http11.Http11OutputBuffer$SocketOutputBuffer::doWrite (88 bytes)
 total in heap  [0x0000000118a6b810,0x0000000118a74aa8] = 37528
 relocation     [0x0000000118a6b968,0x0000000118a6be00] = 1176
 main code      [0x0000000118a6be00,0x0000000118a70f48] = 20808
 stub code      [0x0000000118a70f48,0x0000000118a71098] = 336
 oops           [0x0000000118a71098,0x0000000118a710c8] = 48
 metadata       [0x0000000118a710c8,0x0000000118a71438] = 880
 scopes data    [0x0000000118a71438,0x0000000118a73ad0] = 9880
 scopes pcs     [0x0000000118a73ad0,0x0000000118a74670] = 2976
 dependencies   [0x0000000118a74670,0x0000000118a74728] = 184
 handler table  [0x0000000118a74728,0x0000000118a749a8] = 640
 nul chk table  [0x0000000118a749a8,0x0000000118a74aa8] = 256
stack at sp + 7 slots: 0x0 is null


---------------  P R O C E S S  ---------------

Threads class SMR info:
_java_thread_list=0x00006000027b0740, length=28, elements={
0x00007f7d4603fa00, 0x00007f7d4481b000, 0x00007f7d44819800, 0x00007f7d44825a00,
0x00007f7d44826200, 0x00007f7d44826a00, 0x00007f7d44827200, 0x00007f7d48810200,
0x00007f7d4a008200, 0x00007f7d467ce000, 0x00007f7d4b2d6a00, 0x00007f7d4559d600,
0x00007f7d46e79400, 0x00007f7d4c8d1200, 0x00007f7d467bb200, 0x00007f7d4d083600,
0x00007f7d4b2f0200, 0x00007f7d4b2ed200, 0x00007f7d4b2f3000, 0x00007f7d451e1400,
0x00007f7d45450200, 0x00007f7d453a9a00, 0x00007f7d4b2f3800, 0x00007f7d4d092a00,
0x00007f7d46859e00, 0x00007f7d4685ac00, 0x00007f7d44e66a00, 0x00007f7d455a0a00
}

Java Threads: ( => current thread )
  0x00007f7d4603fa00 JavaThread "Reference Handler"          daemon [_thread_blocked, id=29699, stack(0x0000700002ce1000,0x0000700002de1000) (1024K)]
  0x00007f7d4481b000 JavaThread "Finalizer"                  daemon [_thread_blocked, id=24579, stack(0x0000700002de4000,0x0000700002ee4000) (1024K)]
  0x00007f7d44819800 JavaThread "Signal Dispatcher"          daemon [_thread_blocked, id=25091, stack(0x0000700002ee7000,0x0000700002fe7000) (1024K)]
  0x00007f7d44825a00 JavaThread "Service Thread"             daemon [_thread_blocked, id=29443, stack(0x0000700002fea000,0x00007000030ea000) (1024K)]
  0x00007f7d44826200 JavaThread "Monitor Deflation Thread"   daemon [_thread_blocked, id=28931, stack(0x00007000030ed000,0x00007000031ed000) (1024K)]
  0x00007f7d44826a00 JavaThread "C2 CompilerThread0"         daemon [_thread_blocked, id=28419, stack(0x00007000031f0000,0x00007000032f0000) (1024K)]
  0x00007f7d44827200 JavaThread "C1 CompilerThread0"         daemon [_thread_blocked, id=28163, stack(0x00007000032f3000,0x00007000033f3000) (1024K)]
  0x00007f7d48810200 JavaThread "Notification Thread"        daemon [_thread_blocked, id=25859, stack(0x00007000033f6000,0x00007000034f6000) (1024K)]
  0x00007f7d4a008200 JavaThread "Common-Cleaner"             daemon [_thread_blocked, id=26371, stack(0x00007000034f9000,0x00007000035f9000) (1024K)]
  0x00007f7d467ce000 JavaThread "Catalina-utility-1"                [_thread_blocked, id=42503, stack(0x0000700003b0b000,0x0000700003c0b000) (1024K)]
  0x00007f7d4b2d6a00 JavaThread "Catalina-utility-2"                [_thread_blocked, id=40967, stack(0x0000700003f17000,0x0000700004017000) (1024K)]
  0x00007f7d4559d600 JavaThread "container-0"                       [_thread_blocked, id=40707, stack(0x000070000401a000,0x000070000411a000) (1024K)]
  0x00007f7d46e79400 JavaThread "mysql-cj-abandoned-connection-cleanup" daemon [_thread_blocked, id=34307, stack(0x000070000411d000,0x000070000421d000) (1024K)]
  0x00007f7d4c8d1200 JavaThread "HikariPool-1:housekeeper"   daemon [_thread_blocked, id=34819, stack(0x0000700004220000,0x0000700004320000) (1024K)]
  0x00007f7d467bb200 JavaThread "idle-connection-reaper"     daemon [_thread_blocked, id=39683, stack(0x0000700004426000,0x0000700004526000) (1024K)]
  0x00007f7d4d083600 JavaThread "http-nio-8080-exec-1"       daemon [_thread_blocked, id=23303, stack(0x0000700004529000,0x0000700004629000) (1024K)]
  0x00007f7d4b2f0200 JavaThread "http-nio-8080-exec-2"       daemon [_thread_blocked, id=39171, stack(0x000070000462c000,0x000070000472c000) (1024K)]
  0x00007f7d4b2ed200 JavaThread "http-nio-8080-exec-3"       daemon [_thread_blocked, id=38915, stack(0x000070000472f000,0x000070000482f000) (1024K)]
  0x00007f7d4b2f3000 JavaThread "http-nio-8080-exec-4"       daemon [_thread_blocked, id=36099, stack(0x0000700004832000,0x0000700004932000) (1024K)]
  0x00007f7d451e1400 JavaThread "http-nio-8080-exec-5"       daemon [_thread_blocked, id=38403, stack(0x0000700004935000,0x0000700004a35000) (1024K)]
  0x00007f7d45450200 JavaThread "http-nio-8080-exec-6"       daemon [_thread_blocked, id=38147, stack(0x0000700004a38000,0x0000700004b38000) (1024K)]
=>0x00007f7d453a9a00 JavaThread "http-nio-8080-exec-7"       daemon [_thread_in_Java, id=37635, stack(0x0000700004b3b000,0x0000700004c3b000) (1024K)]
  0x00007f7d4b2f3800 JavaThread "http-nio-8080-exec-8"       daemon [_thread_blocked, id=36867, stack(0x0000700004c3e000,0x0000700004d3e000) (1024K)]
  0x00007f7d4d092a00 JavaThread "http-nio-8080-exec-9"       daemon [_thread_blocked, id=37123, stack(0x0000700004d41000,0x0000700004e41000) (1024K)]
  0x00007f7d46859e00 JavaThread "http-nio-8080-exec-10"      daemon [_thread_blocked, id=43779, stack(0x0000700004e44000,0x0000700004f44000) (1024K)]
  0x00007f7d4685ac00 JavaThread "http-nio-8080-Poller"       daemon [_thread_in_native, id=44291, stack(0x0000700004f47000,0x0000700005047000) (1024K)]
  0x00007f7d44e66a00 JavaThread "http-nio-8080-Acceptor"     daemon [_thread_in_native, id=65027, stack(0x000070000504a000,0x000070000514a000) (1024K)]
  0x00007f7d455a0a00 JavaThread "DestroyJavaVM"                     [_thread_blocked, id=6147, stack(0x00007000023c3000,0x00007000024c3000) (1024K)]
Total: 28

Other Threads:
  0x00007f7d45b047e0 VMThread "VM Thread"                           [id=19459, stack(0x0000700002ad8000,0x0000700002bd8000) (1024K)]
  0x00007f7d45909ed0 WatcherThread "VM Periodic Task Thread"        [id=20739, stack(0x00007000029d5000,0x0000700002ad5000) (1024K)]
  0x00007f7d45907810 WorkerThread "GC Thread#0"                     [id=14595, stack(0x00007000024c6000,0x00007000025c6000) (1024K)]
  0x00007f7d45935c20 WorkerThread "GC Thread#1"                     [id=27395, stack(0x00007000035fc000,0x00007000036fc000) (1024K)]
  0x00007f7d45936190 WorkerThread "GC Thread#2"                     [id=27139, stack(0x00007000036ff000,0x00007000037ff000) (1024K)]
  0x00007f7d4581dfd0 WorkerThread "GC Thread#3"                     [id=32771, stack(0x0000700003802000,0x0000700003902000) (1024K)]
  0x00007f7d4581e540 WorkerThread "GC Thread#4"                     [id=43267, stack(0x0000700003905000,0x0000700003a05000) (1024K)]
  0x00007f7d4581eab0 WorkerThread "GC Thread#5"                     [id=43011, stack(0x0000700003a08000,0x0000700003b08000) (1024K)]
  0x00007f7d458494c0 WorkerThread "GC Thread#6"                     [id=42243, stack(0x0000700003c0e000,0x0000700003d0e000) (1024K)]
  0x00007f7d45849a30 WorkerThread "GC Thread#7"                     [id=41987, stack(0x0000700003d11000,0x0000700003e11000) (1024K)]
  0x00007f7d45907fb0 ConcurrentGCThread "G1 Main Marker"            [id=12547, stack(0x00007000025c9000,0x00007000026c9000) (1024K)]
  0x00007f7d45908930 WorkerThread "G1 Conc#0"                       [id=13059, stack(0x00007000026cc000,0x00007000027cc000) (1024K)]
  0x00007f7d45b6ee10 WorkerThread "G1 Conc#1"                       [id=41475, stack(0x0000700003e14000,0x0000700003f14000) (1024K)]
  0x00007f7d45078c00 ConcurrentGCThread "G1 Refine#0"               [id=13315, stack(0x00007000027cf000,0x00007000028cf000) (1024K)]
  0x00007f7d44707560 ConcurrentGCThread "G1 Service"                [id=16643, stack(0x00007000028d2000,0x00007000029d2000) (1024K)]
Total: 15

Threads with active compile tasks:
Total: 0

VM state: not at safepoint (normal execution)

VM Mutex/Monitor currently owned by a thread: None

Heap address: 0x0000000780000000, size: 2048 MB, Compressed Oops mode: Zero based, Oop shift amount: 3

CDS archive(s) not mapped
Compressed class space mapped at: 0x0000000800000000-0x0000000840000000, reserved size: 1073741824
Narrow klass base: 0x0000000800000000, Narrow klass shift: 0, Narrow klass range: 0x40000000

GC Precious Log:
 CardTable entry size: 512
 Card Set container configuration: InlinePtr #cards 5 size 8 Array Of Cards #cards 12 size 40 Howl #buckets 4 coarsen threshold 1843 Howl Bitmap #cards 512 size 80 coarsen threshold 460 Card regions per heap region 1 cards per card region 2048
 CPUs: 8 total, 8 available
 Memory: 8192M
 Large Page Support: Disabled
 NUMA Support: Disabled
 Compressed Oops: Enabled (Zero based)
 Heap Region Size: 1M
 Heap Min Capacity: 8M
 Heap Initial Capacity: 128M
 Heap Max Capacity: 2G
 Pre-touch: Disabled
 Parallel Workers: 8
 Concurrent Workers: 2
 Concurrent Refinement Workers: 8
 Periodic GC: Disabled

Heap:
 garbage-first heap   total 92160K, used 73396K [0x0000000780000000, 0x0000000800000000)
  region size 1024K, 29 young (29696K), 4 survivors (4096K)
 Metaspace       used 109199K, committed 110272K, reserved 1179648K
  class space    used 12792K, committed 13312K, reserved 1048576K

Heap Regions: E=young(eden), S=young(survivor), O=old, HS=humongous(starts), HC=humongous(continues), CS=collection set, F=free, TAMS=top-at-mark-start, PB=parsable bottom
|   0|0x0000000780000000, 0x0000000780100000, 0x0000000780100000|100%|HS|  |TAMS 0x0000000780000000| PB 0x0000000780000000| Complete 
|   1|0x0000000780100000, 0x0000000780200000, 0x0000000780200000|100%|HS|  |TAMS 0x0000000780100000| PB 0x0000000780100000| Complete 
|   2|0x0000000780200000, 0x0000000780300000, 0x0000000780300000|100%| O|  |TAMS 0x0000000780200000| PB 0x0000000780200000| Untracked 
|   3|0x0000000780300000, 0x0000000780400000, 0x0000000780400000|100%| O|  |TAMS 0x0000000780300000| PB 0x0000000780300000| Untracked 
|   4|0x0000000780400000, 0x0000000780500000, 0x0000000780500000|100%| O|  |TAMS 0x0000000780400000| PB 0x0000000780400000| Untracked 
|   5|0x0000000780500000, 0x0000000780600000, 0x0000000780600000|100%| O|  |TAMS 0x0000000780500000| PB 0x0000000780500000| Untracked 
|   6|0x0000000780600000, 0x0000000780700000, 0x0000000780700000|100%| O|  |TAMS 0x0000000780600000| PB 0x0000000780600000| Untracked 
|   7|0x0000000780700000, 0x0000000780800000, 0x0000000780800000|100%| O|  |TAMS 0x0000000780700000| PB 0x0000000780700000| Untracked 
|   8|0x0000000780800000, 0x0000000780900000, 0x0000000780900000|100%| O|  |TAMS 0x0000000780800000| PB 0x0000000780800000| Untracked 
|   9|0x0000000780900000, 0x0000000780a00000, 0x0000000780a00000|100%| O|  |TAMS 0x0000000780900000| PB 0x0000000780900000| Untracked 
|  10|0x0000000780a00000, 0x0000000780b00000, 0x0000000780b00000|100%| O|  |TAMS 0x0000000780a00000| PB 0x0000000780a00000| Untracked 
|  11|0x0000000780b00000, 0x0000000780c00000, 0x0000000780c00000|100%| O|  |TAMS 0x0000000780b00000| PB 0x0000000780b00000| Untracked 
|  12|0x0000000780c00000, 0x0000000780d00000, 0x0000000780d00000|100%| O|  |TAMS 0x0000000780c00000| PB 0x0000000780c00000| Untracked 
|  13|0x0000000780d00000, 0x0000000780e00000, 0x0000000780e00000|100%| O|  |TAMS 0x0000000780d00000| PB 0x0000000780d00000| Untracked 
|  14|0x0000000780e00000, 0x0000000780f00000, 0x0000000780f00000|100%| O|  |TAMS 0x0000000780e00000| PB 0x0000000780e00000| Untracked 
|  15|0x0000000780f00000, 0x0000000781000000, 0x0000000781000000|100%| O|  |TAMS 0x0000000780f00000| PB 0x0000000780f00000| Untracked 
|  16|0x0000000781000000, 0x0000000781100000, 0x0000000781100000|100%| O|  |TAMS 0x0000000781000000| PB 0x0000000781000000| Untracked 
|  17|0x0000000781100000, 0x0000000781200000, 0x0000000781200000|100%| O|  |TAMS 0x0000000781100000| PB 0x0000000781100000| Untracked 
|  18|0x0000000781200000, 0x0000000781300000, 0x0000000781300000|100%| O|  |TAMS 0x0000000781200000| PB 0x0000000781200000| Untracked 
|  19|0x0000000781300000, 0x0000000781400000, 0x0000000781400000|100%| O|  |TAMS 0x0000000781300000| PB 0x0000000781300000| Untracked 
|  20|0x0000000781400000, 0x0000000781500000, 0x0000000781500000|100%| O|  |TAMS 0x0000000781400000| PB 0x0000000781400000| Untracked 
|  21|0x0000000781500000, 0x0000000781600000, 0x0000000781600000|100%| O|  |TAMS 0x0000000781500000| PB 0x0000000781500000| Untracked 
|  22|0x0000000781600000, 0x0000000781700000, 0x0000000781700000|100%| O|  |TAMS 0x0000000781600000| PB 0x0000000781600000| Untracked 
|  23|0x0000000781700000, 0x0000000781800000, 0x0000000781800000|100%| O|  |TAMS 0x0000000781700000| PB 0x0000000781700000| Untracked 
|  24|0x0000000781800000, 0x0000000781900000, 0x0000000781900000|100%| O|  |TAMS 0x0000000781800000| PB 0x0000000781800000| Untracked 
|  25|0x0000000781900000, 0x0000000781a00000, 0x0000000781a00000|100%| O|  |TAMS 0x0000000781900000| PB 0x0000000781900000| Untracked 
|  26|0x0000000781a00000, 0x0000000781b00000, 0x0000000781b00000|100%| O|  |TAMS 0x0000000781a00000| PB 0x0000000781a00000| Untracked 
|  27|0x0000000781b00000, 0x0000000781b00000, 0x0000000781c00000|  0%| F|  |TAMS 0x0000000781b00000| PB 0x0000000781b00000| Untracked 
|  28|0x0000000781c00000, 0x0000000781d00000, 0x0000000781d00000|100%| O|  |TAMS 0x0000000781c00000| PB 0x0000000781c00000| Untracked 
|  29|0x0000000781d00000, 0x0000000781e00000, 0x0000000781e00000|100%| O|  |TAMS 0x0000000781d00000| PB 0x0000000781d00000| Untracked 
|  30|0x0000000781e00000, 0x0000000781f00000, 0x0000000781f00000|100%| O|  |TAMS 0x0000000781e00000| PB 0x0000000781e00000| Untracked 
|  31|0x0000000781f00000, 0x0000000782000000, 0x0000000782000000|100%| O|  |TAMS 0x0000000781f00000| PB 0x0000000781f00000| Untracked 
|  32|0x0000000782000000, 0x0000000782100000, 0x0000000782100000|100%| O|  |TAMS 0x0000000782000000| PB 0x0000000782000000| Untracked 
|  33|0x0000000782100000, 0x0000000782100000, 0x0000000782200000|  0%| F|  |TAMS 0x0000000782100000| PB 0x0000000782100000| Untracked 
|  34|0x0000000782200000, 0x0000000782200000, 0x0000000782300000|  0%| F|  |TAMS 0x0000000782200000| PB 0x0000000782200000| Untracked 
|  35|0x0000000782300000, 0x0000000782400000, 0x0000000782400000|100%| O|  |TAMS 0x0000000782300000| PB 0x0000000782300000| Untracked 
|  36|0x0000000782400000, 0x0000000782500000, 0x0000000782500000|100%| O|  |TAMS 0x0000000782400000| PB 0x0000000782400000| Untracked 
|  37|0x0000000782500000, 0x0000000782600000, 0x0000000782600000|100%| O|  |TAMS 0x0000000782500000| PB 0x0000000782500000| Untracked 
|  38|0x0000000782600000, 0x0000000782665cf0, 0x0000000782700000| 39%| O|  |TAMS 0x0000000782600000| PB 0x0000000782600000| Untracked 
|  39|0x0000000782700000, 0x0000000782800000, 0x0000000782800000|100%| O|  |TAMS 0x0000000782700000| PB 0x0000000782700000| Untracked 
|  40|0x0000000782800000, 0x0000000782847620, 0x0000000782900000| 27%| S|CS|TAMS 0x0000000782800000| PB 0x0000000782800000| Complete 
|  41|0x0000000782900000, 0x0000000782a00000, 0x0000000782a00000|100%| S|CS|TAMS 0x0000000782900000| PB 0x0000000782900000| Complete 
|  42|0x0000000782a00000, 0x0000000782b00000, 0x0000000782b00000|100%| O|  |TAMS 0x0000000782a00000| PB 0x0000000782a00000| Untracked 
|  43|0x0000000782b00000, 0x0000000782b00000, 0x0000000782c00000|  0%| F|  |TAMS 0x0000000782b00000| PB 0x0000000782b00000| Untracked 
|  44|0x0000000782c00000, 0x0000000782d00000, 0x0000000782d00000|100%| S|CS|TAMS 0x0000000782c00000| PB 0x0000000782c00000| Complete 
|  45|0x0000000782d00000, 0x0000000782e00000, 0x0000000782e00000|100%| O|  |TAMS 0x0000000782d00000| PB 0x0000000782d00000| Untracked 
|  46|0x0000000782e00000, 0x0000000782e00000, 0x0000000782f00000|  0%| F|  |TAMS 0x0000000782e00000| PB 0x0000000782e00000| Untracked 
|  47|0x0000000782f00000, 0x0000000783000000, 0x0000000783000000|100%| O|  |TAMS 0x0000000782f00000| PB 0x0000000782f00000| Untracked 
|  48|0x0000000783000000, 0x0000000783100000, 0x0000000783100000|100%| S|CS|TAMS 0x0000000783000000| PB 0x0000000783000000| Complete 
|  49|0x0000000783100000, 0x0000000783100000, 0x0000000783200000|  0%| F|  |TAMS 0x0000000783100000| PB 0x0000000783100000| Untracked 
|  50|0x0000000783200000, 0x0000000783300000, 0x0000000783300000|100%| O|  |TAMS 0x0000000783200000| PB 0x0000000783200000| Untracked 
|  51|0x0000000783300000, 0x0000000783400000, 0x0000000783400000|100%| O|  |TAMS 0x0000000783300000| PB 0x0000000783300000| Untracked 
|  52|0x0000000783400000, 0x0000000783500000, 0x0000000783500000|100%| O|  |TAMS 0x0000000783400000| PB 0x0000000783400000| Untracked 
|  53|0x0000000783500000, 0x0000000783600000, 0x0000000783600000|100%| O|  |TAMS 0x0000000783500000| PB 0x0000000783500000| Untracked 
|  54|0x0000000783600000, 0x0000000783700000, 0x0000000783700000|100%| O|  |TAMS 0x0000000783600000| PB 0x0000000783600000| Untracked 
|  55|0x0000000783700000, 0x0000000783700000, 0x0000000783800000|  0%| F|  |TAMS 0x0000000783700000| PB 0x0000000783700000| Untracked 
|  56|0x0000000783800000, 0x0000000783800000, 0x0000000783900000|  0%| F|  |TAMS 0x0000000783800000| PB 0x0000000783800000| Untracked 
|  57|0x0000000783900000, 0x0000000783900000, 0x0000000783a00000|  0%| F|  |TAMS 0x0000000783900000| PB 0x0000000783900000| Untracked 
|  58|0x0000000783a00000, 0x0000000783a00000, 0x0000000783b00000|  0%| F|  |TAMS 0x0000000783a00000| PB 0x0000000783a00000| Untracked 
|  59|0x0000000783b00000, 0x0000000783b00000, 0x0000000783c00000|  0%| F|  |TAMS 0x0000000783b00000| PB 0x0000000783b00000| Untracked 
|  60|0x0000000783c00000, 0x0000000783c00000, 0x0000000783d00000|  0%| F|  |TAMS 0x0000000783c00000| PB 0x0000000783c00000| Untracked 
|  61|0x0000000783d00000, 0x0000000783d00000, 0x0000000783e00000|  0%| F|  |TAMS 0x0000000783d00000| PB 0x0000000783d00000| Untracked 
|  62|0x0000000783e00000, 0x0000000783e00000, 0x0000000783f00000|  0%| F|  |TAMS 0x0000000783e00000| PB 0x0000000783e00000| Untracked 
|  63|0x0000000783f00000, 0x0000000783f00000, 0x0000000784000000|  0%| F|  |TAMS 0x0000000783f00000| PB 0x0000000783f00000| Untracked 
|  64|0x0000000784000000, 0x0000000784097358, 0x0000000784100000| 59%| E|  |TAMS 0x0000000784000000| PB 0x0000000784000000| Complete 
|  65|0x0000000784100000, 0x0000000784200000, 0x0000000784200000|100%| E|CS|TAMS 0x0000000784100000| PB 0x0000000784100000| Complete 
|  66|0x0000000784200000, 0x0000000784300000, 0x0000000784300000|100%| E|CS|TAMS 0x0000000784200000| PB 0x0000000784200000| Complete 
|  67|0x0000000784300000, 0x0000000784400000, 0x0000000784400000|100%| E|CS|TAMS 0x0000000784300000| PB 0x0000000784300000| Complete 
|  68|0x0000000784400000, 0x0000000784500000, 0x0000000784500000|100%| E|CS|TAMS 0x0000000784400000| PB 0x0000000784400000| Complete 
|  69|0x0000000784500000, 0x0000000784600000, 0x0000000784600000|100%| E|CS|TAMS 0x0000000784500000| PB 0x0000000784500000| Complete 
|  70|0x0000000784600000, 0x0000000784700000, 0x0000000784700000|100%| E|CS|TAMS 0x0000000784600000| PB 0x0000000784600000| Complete 
|  71|0x0000000784700000, 0x0000000784800000, 0x0000000784800000|100%| E|  |TAMS 0x0000000784700000| PB 0x0000000784700000| Complete 
|  72|0x0000000784800000, 0x0000000784900000, 0x0000000784900000|100%| E|CS|TAMS 0x0000000784800000| PB 0x0000000784800000| Complete 
|  73|0x0000000784900000, 0x0000000784a00000, 0x0000000784a00000|100%| E|CS|TAMS 0x0000000784900000| PB 0x0000000784900000| Complete 
|  74|0x0000000784a00000, 0x0000000784b00000, 0x0000000784b00000|100%| E|CS|TAMS 0x0000000784a00000| PB 0x0000000784a00000| Complete 
|  75|0x0000000784b00000, 0x0000000784c00000, 0x0000000784c00000|100%| E|CS|TAMS 0x0000000784b00000| PB 0x0000000784b00000| Complete 
|  76|0x0000000784c00000, 0x0000000784d00000, 0x0000000784d00000|100%| E|CS|TAMS 0x0000000784c00000| PB 0x0000000784c00000| Complete 
|  77|0x0000000784d00000, 0x0000000784e00000, 0x0000000784e00000|100%| E|CS|TAMS 0x0000000784d00000| PB 0x0000000784d00000| Complete 
|  78|0x0000000784e00000, 0x0000000784f00000, 0x0000000784f00000|100%| E|CS|TAMS 0x0000000784e00000| PB 0x0000000784e00000| Complete 
|  79|0x0000000784f00000, 0x0000000785000000, 0x0000000785000000|100%| E|CS|TAMS 0x0000000784f00000| PB 0x0000000784f00000| Complete 
|  80|0x0000000785000000, 0x0000000785100000, 0x0000000785100000|100%| E|CS|TAMS 0x0000000785000000| PB 0x0000000785000000| Complete 
|  81|0x0000000785100000, 0x0000000785200000, 0x0000000785200000|100%| E|CS|TAMS 0x0000000785100000| PB 0x0000000785100000| Complete 
|  82|0x0000000785200000, 0x0000000785300000, 0x0000000785300000|100%| E|CS|TAMS 0x0000000785200000| PB 0x0000000785200000| Complete 
|  83|0x0000000785300000, 0x0000000785400000, 0x0000000785400000|100%| E|CS|TAMS 0x0000000785300000| PB 0x0000000785300000| Complete 
|  98|0x0000000786200000, 0x0000000786300000, 0x0000000786300000|100%| E|CS|TAMS 0x0000000786200000| PB 0x0000000786200000| Complete 
|  99|0x0000000786300000, 0x0000000786400000, 0x0000000786400000|100%| E|CS|TAMS 0x0000000786300000| PB 0x0000000786300000| Complete 
| 100|0x0000000786400000, 0x0000000786500000, 0x0000000786500000|100%| E|CS|TAMS 0x0000000786400000| PB 0x0000000786400000| Complete 
| 127|0x0000000787f00000, 0x0000000788000000, 0x0000000788000000|100%| E|CS|TAMS 0x0000000787f00000| PB 0x0000000787f00000| Complete 
|2046|0x00000007ffe00000, 0x00000007fff00000, 0x00000007fff00000|100%| O|  |TAMS 0x00000007ffe00000| PB 0x00000007ffe00000| Untracked 
|2047|0x00000007fff00000, 0x0000000800000000, 0x0000000800000000|100%| E|CS|TAMS 0x00000007fff00000| PB 0x00000007fff00000| Complete 

Card table byte_map: [0x0000000106562000,0x0000000106962000] _byte_map_base: 0x0000000102962000

Marking Bits: (CMBitMap*) 0x00007f7d46840210
 Bits: [0x000000011faca000, 0x0000000121aca000)

Polling page: 0x0000000105e98000

Metaspace:

Usage:
  Non-class:     94.15 MB used.
      Class:     12.49 MB used.
       Both:    106.64 MB used.

Virtual space:
  Non-class space:      128.00 MB reserved,      94.69 MB ( 74%) committed,  2 nodes.
      Class space:        1.00 GB reserved,      13.00 MB (  1%) committed,  1 nodes.
             Both:        1.12 GB reserved,     107.69 MB (  9%) committed. 

Chunk freelists:
   Non-Class:  1.07 MB
       Class:  3.18 MB
        Both:  4.25 MB

MaxMetaspaceSize: unlimited
CompressedClassSpaceSize: 1.00 GB
Initial GC threshold: 21.00 MB
Current GC threshold: 178.56 MB
CDS: off
 - commit_granule_bytes: 65536.
 - commit_granule_words: 8192.
 - virtual_space_node_default_size: 8388608.
 - enlarge_chunks_in_place: 1.
 - use_allocation_guard: 0.


Internal statistics:

num_allocs_failed_limit: 12.
num_arena_births: 1308.
num_arena_deaths: 466.
num_vsnodes_births: 3.
num_vsnodes_deaths: 0.
num_space_committed: 1723.
num_space_uncommitted: 0.
num_chunks_returned_to_freelist: 541.
num_chunks_taken_from_freelist: 4873.
num_chunk_merges: 142.
num_chunk_splits: 3428.
num_chunks_enlarged: 2671.
num_inconsistent_stats: 0.

CodeHeap 'non-profiled nmethods': size=120028Kb used=7586Kb max_used=7586Kb free=112441Kb
 bounds [0x0000000118593000, 0x0000000118d33000, 0x000000011faca000]
CodeHeap 'profiled nmethods': size=120028Kb used=21322Kb max_used=25407Kb free=98705Kb
 bounds [0x0000000110aca000, 0x00000001123ca000, 0x0000000118001000]
CodeHeap 'non-nmethods': size=5704Kb used=1715Kb max_used=1809Kb free=3988Kb
 bounds [0x0000000118001000, 0x0000000118271000, 0x0000000118593000]
CodeCache: size=245760Kb, used=30623Kb, max_used=34802Kb, free=215134Kb
 total_blobs=10041, nmethods=9281, adapters=663, full_count=0
Compilation: enabled, stopped_count=0, restarted_count=0

Compilation events (20 events):
Event: 7082.917 Thread 0x00007f7d44827200 15462       3       java.util.TimeZone::getTimeZone (96 bytes)
Event: 7082.927 Thread 0x00007f7d44827200 nmethod 15462 0x00000001115b1690 code [0x00000001115b1980, 0x00000001115b2650]
Event: 7087.917 Thread 0x00007f7d44827200 15463       3       java.util.IdentityHashMap$IdentityHashMapIterator::hasNext (50 bytes)
Event: 7087.919 Thread 0x00007f7d44827200 nmethod 15463 0x00000001117f9e90 code [0x00000001117fa040, 0x00000001117fa288]
Event: 7142.727 Thread 0x00007f7d44826a00 15464       4       java.net.Socket::isClosed (13 bytes)
Event: 7142.729 Thread 0x00007f7d44826a00 nmethod 15464 0x0000000118739590 code [0x0000000118739700, 0x0000000118739788]
Event: 7188.785 Thread 0x00007f7d44827200 15465       3       java.util.IdentityHashMap::capacity (29 bytes)
Event: 7188.789 Thread 0x00007f7d44827200 nmethod 15465 0x00000001113b5190 code [0x00000001113b5340, 0x00000001113b5568]
Event: 7255.729 Thread 0x00007f7d44826a00 15466   !   4       sun.security.ssl.SSLTransport::decode (493 bytes)
Event: 7255.831 Thread 0x00007f7d44826a00 nmethod 15466 0x0000000118d2bc90 code [0x0000000118d2bf20, 0x0000000118d2d268]
Event: 7347.240 Thread 0x00007f7d44827200 15467       3       java.util.concurrent.FutureTask::<init> (27 bytes)
Event: 7347.247 Thread 0x00007f7d44827200 nmethod 15467 0x000000011182ef10 code [0x000000011182f0c0, 0x000000011182f390]
Event: 7347.247 Thread 0x00007f7d44827200 15468       1       java.lang.ThreadGroup::getMaxPriority (5 bytes)
Event: 7347.248 Thread 0x00007f7d44827200 nmethod 15468 0x0000000118745910 code [0x0000000118745aa0, 0x0000000118745b60]
Event: 7418.127 Thread 0x00007f7d44827200 15469       3       com.zaxxer.hikari.pool.HikariPool::logPoolState (120 bytes)
Event: 7418.166 Thread 0x00007f7d44827200 nmethod 15469 0x000000011100b810 code [0x000000011100bbe0, 0x000000011100e008]
Event: 7676.679 Thread 0x00007f7d44827200 15470       3       java.lang.Long::toHexString (6 bytes)
Event: 7676.682 Thread 0x00007f7d44827200 nmethod 15470 0x0000000111262010 code [0x00000001112621c0, 0x00000001112622e0]
Event: 7676.711 Thread 0x00007f7d44827200 15471       3       org.apache.tomcat.util.buf.UDecoder::isHexDigit (42 bytes)
Event: 7676.715 Thread 0x00007f7d44827200 nmethod 15471 0x00000001113ce910 code [0x00000001113ceaa0, 0x00000001113cecc0]

GC Heap History (20 events):
Event: 31.201 GC heap before
{Heap before GC invocations=35 (full 0):
 garbage-first heap   total 81920K, used 71981K [0x0000000780000000, 0x0000000800000000)
  region size 1024K, 26 young (26624K), 2 survivors (2048K)
 Metaspace       used 105863K, committed 106752K, reserved 1179648K
  class space    used 12800K, committed 13184K, reserved 1048576K
}
Event: 31.202 GC heap after
{Heap after GC invocations=36 (full 0):
 garbage-first heap   total 81920K, used 51160K [0x0000000780000000, 0x0000000800000000)
  region size 1024K, 4 young (4096K), 4 survivors (4096K)
 Metaspace       used 105863K, committed 106752K, reserved 1179648K
  class space    used 12800K, committed 13184K, reserved 1048576K
}
Event: 200.880 GC heap before
{Heap before GC invocations=37 (full 0):
 garbage-first heap   total 86016K, used 72664K [0x0000000780000000, 0x0000000800000000)
  region size 1024K, 26 young (26624K), 4 survivors (4096K)
 Metaspace       used 106440K, committed 107328K, reserved 1179648K
  class space    used 12808K, committed 13184K, reserved 1048576K
}
Event: 200.882 GC heap after
{Heap after GC invocations=38 (full 0):
 garbage-first heap   total 86016K, used 51833K [0x0000000780000000, 0x0000000800000000)
  region size 1024K, 2 young (2048K), 2 survivors (2048K)
 Metaspace       used 106440K, committed 107328K, reserved 1179648K
  class space    used 12808K, committed 13184K, reserved 1048576K
}
Event: 263.942 GC heap before
{Heap before GC invocations=38 (full 0):
 garbage-first heap   total 86016K, used 76409K [0x0000000780000000, 0x0000000800000000)
  region size 1024K, 27 young (27648K), 2 survivors (2048K)
 Metaspace       used 107297K, committed 108224K, reserved 1179648K
  class space    used 12889K, committed 13312K, reserved 1048576K
}
Event: 263.944 GC heap after
{Heap after GC invocations=39 (full 0):
 garbage-first heap   total 86016K, used 51308K [0x0000000780000000, 0x0000000800000000)
  region size 1024K, 2 young (2048K), 2 survivors (2048K)
 Metaspace       used 107297K, committed 108224K, reserved 1179648K
  class space    used 12889K, committed 13312K, reserved 1048576K
}
Event: 1835.029 GC heap before
{Heap before GC invocations=39 (full 0):
 garbage-first heap   total 86016K, used 76908K [0x0000000780000000, 0x0000000800000000)
  region size 1024K, 28 young (28672K), 2 survivors (2048K)
 Metaspace       used 107714K, committed 108672K, reserved 1179648K
  class space    used 12893K, committed 13312K, reserved 1048576K
}
Event: 1835.116 GC heap after
{Heap after GC invocations=40 (full 0):
 garbage-first heap   total 86016K, used 53420K [0x0000000780000000, 0x0000000800000000)
  region size 1024K, 4 young (4096K), 4 survivors (4096K)
 Metaspace       used 107714K, committed 108672K, reserved 1179648K
  class space    used 12893K, committed 13312K, reserved 1048576K
}
Event: 1884.409 GC heap before
{Heap before GC invocations=41 (full 0):
 garbage-first heap   total 91136K, used 76972K [0x0000000780000000, 0x0000000800000000)
  region size 1024K, 28 young (28672K), 4 survivors (4096K)
 Metaspace       used 107933K, committed 108928K, reserved 1179648K
  class space    used 12896K, committed 13312K, reserved 1048576K
}
Event: 1884.417 GC heap after
{Heap after GC invocations=42 (full 0):
 garbage-first heap   total 91136K, used 53791K [0x0000000780000000, 0x0000000800000000)
  region size 1024K, 3 young (3072K), 3 survivors (3072K)
 Metaspace       used 107933K, committed 108928K, reserved 1179648K
  class space    used 12896K, committed 13312K, reserved 1048576K
}
Event: 2133.484 GC heap before
{Heap before GC invocations=42 (full 0):
 garbage-first heap   total 91136K, used 81439K [0x0000000780000000, 0x0000000800000000)
  region size 1024K, 31 young (31744K), 3 survivors (3072K)
 Metaspace       used 108392K, committed 109312K, reserved 1179648K
  class space    used 12901K, committed 13312K, reserved 1048576K
}
Event: 2133.622 GC heap after
{Heap after GC invocations=43 (full 0):
 garbage-first heap   total 91136K, used 52952K [0x0000000780000000, 0x0000000800000000)
  region size 1024K, 2 young (2048K), 2 survivors (2048K)
 Metaspace       used 108392K, committed 109312K, reserved 1179648K
  class space    used 12901K, committed 13312K, reserved 1048576K
}
Event: 2350.432 GC heap before
{Heap before GC invocations=43 (full 0):
 garbage-first heap   total 91136K, used 83672K [0x0000000780000000, 0x0000000800000000)
  region size 1024K, 32 young (32768K), 2 survivors (2048K)
 Metaspace       used 108767K, committed 109696K, reserved 1179648K
  class space    used 12902K, committed 13312K, reserved 1048576K
}
Event: 2350.463 GC heap after
{Heap after GC invocations=44 (full 0):
 garbage-first heap   total 91136K, used 53232K [0x0000000780000000, 0x0000000800000000)
  region size 1024K, 3 young (3072K), 3 survivors (3072K)
 Metaspace       used 108767K, committed 109696K, reserved 1179648K
  class space    used 12902K, committed 13312K, reserved 1048576K
}
Event: 2464.952 GC heap before
{Heap before GC invocations=45 (full 0):
 garbage-first heap   total 91136K, used 81904K [0x0000000780000000, 0x0000000800000000)
  region size 1024K, 32 young (32768K), 3 survivors (3072K)
 Metaspace       used 108725K, committed 109952K, reserved 1179648K
  class space    used 12789K, committed 13312K, reserved 1048576K
}
Event: 2464.957 GC heap after
{Heap after GC invocations=46 (full 0):
 garbage-first heap   total 91136K, used 53287K [0x0000000780000000, 0x0000000800000000)
  region size 1024K, 3 young (3072K), 3 survivors (3072K)
 Metaspace       used 108725K, committed 109952K, reserved 1179648K
  class space    used 12789K, committed 13312K, reserved 1048576K
}
Event: 2964.629 GC heap before
{Heap before GC invocations=46 (full 0):
 garbage-first heap   total 91136K, used 81959K [0x0000000780000000, 0x0000000800000000)
  region size 1024K, 32 young (32768K), 3 survivors (3072K)
 Metaspace       used 109019K, committed 110144K, reserved 1179648K
  class space    used 12790K, committed 13312K, reserved 1048576K
}
Event: 2964.714 GC heap after
{Heap after GC invocations=47 (full 0):
 garbage-first heap   total 92160K, used 49549K [0x0000000780000000, 0x0000000800000000)
  region size 1024K, 2 young (2048K), 2 survivors (2048K)
 Metaspace       used 109019K, committed 110144K, reserved 1179648K
  class space    used 12790K, committed 13312K, reserved 1048576K
}
Event: 5045.078 GC heap before
{Heap before GC invocations=47 (full 0):
 garbage-first heap   total 92160K, used 82317K [0x0000000780000000, 0x0000000800000000)
  region size 1024K, 35 young (35840K), 2 survivors (2048K)
 Metaspace       used 109110K, committed 110272K, reserved 1179648K
  class space    used 12792K, committed 13312K, reserved 1048576K
}
Event: 5045.215 GC heap after
{Heap after GC invocations=48 (full 0):
 garbage-first heap   total 92160K, used 49844K [0x0000000780000000, 0x0000000800000000)
  region size 1024K, 4 young (4096K), 4 survivors (4096K)
 Metaspace       used 109110K, committed 110272K, reserved 1179648K
  class space    used 12792K, committed 13312K, reserved 1048576K
}

Dll operation events (8 events):
Event: 0.009 Loaded shared library /Library/Java/JavaVirtualMachines/temurin-21.jdk/Contents/Home/lib/libjava.dylib
Event: 0.122 Loaded shared library /Library/Java/JavaVirtualMachines/temurin-21.jdk/Contents/Home/lib/libnio.dylib
Event: 0.134 Loaded shared library /Library/Java/JavaVirtualMachines/temurin-21.jdk/Contents/Home/lib/libzip.dylib
Event: 0.307 Loaded shared library /Library/Java/JavaVirtualMachines/temurin-21.jdk/Contents/Home/lib/libjimage.dylib
Event: 1.310 Loaded shared library /Library/Java/JavaVirtualMachines/temurin-21.jdk/Contents/Home/lib/libnet.dylib
Event: 2.475 Loaded shared library /Library/Java/JavaVirtualMachines/temurin-21.jdk/Contents/Home/lib/libmanagement.dylib
Event: 2.478 Loaded shared library /Library/Java/JavaVirtualMachines/temurin-21.jdk/Contents/Home/lib/libmanagement_ext.dylib
Event: 3.606 Loaded shared library /Library/Java/JavaVirtualMachines/temurin-21.jdk/Contents/Home/lib/libextnet.dylib

Deoptimization events (20 events):
Event: 5964.602 Thread 0x00007f7d4b2d6a00 Uncommon trap: trap_request=0xffffff45 fr.pc=0x000000011893b14c relative=0x00000000000008ac
Event: 5964.602 Thread 0x00007f7d4b2d6a00 Uncommon trap: reason=unstable_if action=reinterpret pc=0x000000011893b14c method=java.util.concurrent.ScheduledThreadPoolExecutor$ScheduledFutureTask.compareTo(Ljava/util/concurrent/Delayed;)I @ 40 c2
Event: 5964.602 Thread 0x00007f7d4b2d6a00 DEOPT PACKING pc=0x000000011893b14c sp=0x0000700004016780
Event: 5964.602 Thread 0x00007f7d4b2d6a00 DEOPT UNPACKING pc=0x0000000118054f99 sp=0x0000700004016668 mode 2
Event: 5965.598 Thread 0x00007f7d4b2d6a00 Uncommon trap: trap_request=0xffffff45 fr.pc=0x00000001187169f0 relative=0x00000000000000d0
Event: 5965.598 Thread 0x00007f7d4b2d6a00 Uncommon trap: reason=unstable_if action=reinterpret pc=0x00000001187169f0 method=java.util.concurrent.ScheduledThreadPoolExecutor$ScheduledFutureTask.compareTo(Ljava/util/concurrent/Delayed;)I @ 40 c2
Event: 5965.598 Thread 0x00007f7d4b2d6a00 DEOPT PACKING pc=0x00000001187169f0 sp=0x0000700004016710
Event: 5965.598 Thread 0x00007f7d4b2d6a00 DEOPT UNPACKING pc=0x0000000118054f99 sp=0x0000700004016660 mode 2
Event: 7676.729 Thread 0x00007f7d453a9a00 Uncommon trap: trap_request=0xffffff45 fr.pc=0x00000001187109e0 relative=0x00000000000006a0
Event: 7676.729 Thread 0x00007f7d453a9a00 Uncommon trap: reason=unstable_if action=reinterpret pc=0x00000001187109e0 method=org.apache.tomcat.util.buf.CharChunk.allocate(II)V @ 4 c2
Event: 7676.729 Thread 0x00007f7d453a9a00 DEOPT PACKING pc=0x00000001187109e0 sp=0x0000700004c39dd0
Event: 7676.730 Thread 0x00007f7d453a9a00 DEOPT UNPACKING pc=0x0000000118054f99 sp=0x0000700004c39d08 mode 2
Event: 7676.733 Thread 0x00007f7d453a9a00 Uncommon trap: trap_request=0xffffffde fr.pc=0x0000000118aef2d4 relative=0x00000000000000b4
Event: 7676.733 Thread 0x00007f7d453a9a00 Uncommon trap: reason=class_check action=maybe_recompile pc=0x0000000118aef2d4 method=java.lang.Character.toUpperCase(I)I @ 5 c2
Event: 7676.733 Thread 0x00007f7d453a9a00 DEOPT PACKING pc=0x0000000118aef2d4 sp=0x0000700004c39a30
Event: 7676.734 Thread 0x00007f7d453a9a00 DEOPT UNPACKING pc=0x0000000118054f99 sp=0x0000700004c39988 mode 2
Event: 7676.740 Thread 0x00007f7d453a9a00 Uncommon trap: trap_request=0xffffffde fr.pc=0x00000001187978c8 relative=0x00000000000000a8
Event: 7676.740 Thread 0x00007f7d453a9a00 Uncommon trap: reason=class_check action=maybe_recompile pc=0x00000001187978c8 method=java.lang.Character.toLowerCase(I)I @ 5 c2
Event: 7676.740 Thread 0x00007f7d453a9a00 DEOPT PACKING pc=0x00000001187978c8 sp=0x0000700004c39a30
Event: 7676.740 Thread 0x00007f7d453a9a00 DEOPT UNPACKING pc=0x0000000118054f99 sp=0x0000700004c39988 mode 2

Classes loaded (20 events):
Event: 10.865 Loading class sun/nio/cs/ISO_8859_1$Encoder
Event: 10.865 Loading class sun/nio/cs/ISO_8859_1$Encoder done
Event: 10.865 Loading class java/nio/StringCharBuffer
Event: 10.866 Loading class java/nio/StringCharBuffer done
Event: 10.883 Loading class java/util/concurrent/locks/ReentrantReadWriteLock$Sync$HoldCounter
Event: 10.883 Loading class java/util/concurrent/locks/ReentrantReadWriteLock$Sync$HoldCounter done
Event: 10.903 Loading class java/util/ArrayList$SubList$2
Event: 10.903 Loading class java/util/ArrayList$SubList$2 done
Event: 10.916 Loading class java/util/concurrent/atomic/Striped64$Cell
Event: 10.916 Loading class java/util/concurrent/atomic/Striped64$Cell done
Event: 10.920 Loading class java/time/format/DateTimeFormatterBuilder$ZoneTextPrinterParser
Event: 10.920 Loading class java/time/format/DateTimeFormatterBuilder$ZoneTextPrinterParser done
Event: 10.920 Loading class java/time/format/DateTimeFormatterBuilder$ReducedPrinterParser
Event: 10.920 Loading class java/time/format/DateTimeFormatterBuilder$ReducedPrinterParser done
Event: 16.553 Loading class java/time/DayOfWeek
Event: 16.553 Loading class java/time/DayOfWeek done
Event: 222.443 Loading class java/util/concurrent/atomic/AtomicIntegerArray
Event: 222.443 Loading class java/util/concurrent/atomic/AtomicIntegerArray done
Event: 1446.596 Loading class sun/net/ConnectionResetException
Event: 1446.630 Loading class sun/net/ConnectionResetException done

Classes unloaded (20 events):
Event: 2350.566 Thread 0x00007f7d45b047e0 Unloading class 0x00000008001ae000 'java/lang/invoke/LambdaForm$MH+0x00000008001ae000'
Event: 2350.566 Thread 0x00007f7d45b047e0 Unloading class 0x00000008001adc00 'java/lang/invoke/LambdaForm$MH+0x00000008001adc00'
Event: 2350.566 Thread 0x00007f7d45b047e0 Unloading class 0x00000008001ad400 'java/lang/invoke/LambdaForm$MH+0x00000008001ad400'
Event: 2350.566 Thread 0x00007f7d45b047e0 Unloading class 0x00000008001ac800 'java/lang/invoke/LambdaForm$MH+0x00000008001ac800'
Event: 2350.566 Thread 0x00007f7d45b047e0 Unloading class 0x00000008001ac400 'java/lang/invoke/LambdaForm$MH+0x00000008001ac400'
Event: 2350.566 Thread 0x00007f7d45b047e0 Unloading class 0x0000000800190000 'java/lang/invoke/LambdaForm$DMH+0x0000000800190000'
Event: 2350.566 Thread 0x00007f7d45b047e0 Unloading class 0x0000000800124800 'java/lang/invoke/LambdaForm$MH+0x0000000800124800'
Event: 2350.566 Thread 0x00007f7d45b047e0 Unloading class 0x00000008000a7800 'java/lang/invoke/LambdaForm$MH+0x00000008000a7800'
Event: 2350.566 Thread 0x00007f7d45b047e0 Unloading class 0x00000008000a7000 'java/lang/invoke/LambdaForm$MH+0x00000008000a7000'
Event: 2350.566 Thread 0x00007f7d45b047e0 Unloading class 0x00000008000a6800 'java/lang/invoke/LambdaForm$MH+0x00000008000a6800'
Event: 2350.566 Thread 0x00007f7d45b047e0 Unloading class 0x00000008000a5400 'java/lang/invoke/LambdaForm$MH+0x00000008000a5400'
Event: 2350.566 Thread 0x00007f7d45b047e0 Unloading class 0x00000008000a4800 'java/lang/invoke/LambdaForm$MH+0x00000008000a4800'
Event: 2350.566 Thread 0x00007f7d45b047e0 Unloading class 0x00000008000a4400 'java/lang/invoke/LambdaForm$MH+0x00000008000a4400'
Event: 2350.566 Thread 0x00007f7d45b047e0 Unloading class 0x00000008000a3c00 'java/lang/invoke/LambdaForm$MH+0x00000008000a3c00'
Event: 2350.567 Thread 0x00007f7d45b047e0 Unloading class 0x00000008000a3800 'java/lang/invoke/LambdaForm$MH+0x00000008000a3800'
Event: 2350.567 Thread 0x00007f7d45b047e0 Unloading class 0x00000008000a3400 'java/lang/invoke/LambdaForm$MH+0x00000008000a3400'
Event: 2350.567 Thread 0x00007f7d45b047e0 Unloading class 0x00000008000a2800 'java/lang/invoke/LambdaForm$MH+0x00000008000a2800'
Event: 2350.567 Thread 0x00007f7d45b047e0 Unloading class 0x00000008000a1800 'java/lang/invoke/LambdaForm$MH+0x00000008000a1800'
Event: 2350.568 Thread 0x00007f7d45b047e0 Unloading class 0x00000008000a0c00 'java/lang/invoke/LambdaForm$MH+0x00000008000a0c00'
Event: 2350.568 Thread 0x00007f7d45b047e0 Unloading class 0x00000008000a0400 'java/lang/invoke/LambdaForm$MH+0x00000008000a0400'

Classes redefined (0 events):
No events

Internal exceptions (20 events):
Event: 5587.973 Thread 0x00007f7d46466800 Exception <a 'sun/net/ConnectionResetException'{0x0000000784ac91e0}: Connection reset> (0x0000000784ac91e0) 
thrown [src/hotspot/share/prims/jni.cpp, line 539]
Event: 5587.974 Thread 0x00007f7d46466800 Exception <a 'sun/net/ConnectionResetException'{0x0000000784acae20}: Connection reset> (0x0000000784acae20) 
thrown [src/hotspot/share/prims/jni.cpp, line 539]
Event: 5587.976 Thread 0x00007f7d46466800 Exception <a 'sun/net/ConnectionResetException'{0x0000000784acdca0}: Connection reset> (0x0000000784acdca0) 
thrown [src/hotspot/share/prims/jni.cpp, line 539]
Event: 5587.978 Thread 0x00007f7d46466800 Exception <a 'sun/net/ConnectionResetException'{0x0000000784acf6c8}: Connection reset> (0x0000000784acf6c8) 
thrown [src/hotspot/share/prims/jni.cpp, line 539]
Event: 5587.979 Thread 0x00007f7d46466800 Exception <a 'sun/net/ConnectionResetException'{0x0000000784ada248}: Connection reset> (0x0000000784ada248) 
thrown [src/hotspot/share/prims/jni.cpp, line 539]
Event: 5587.980 Thread 0x00007f7d46466800 Exception <a 'sun/net/ConnectionResetException'{0x0000000784adbc70}: Connection reset> (0x0000000784adbc70) 
thrown [src/hotspot/share/prims/jni.cpp, line 539]
Event: 5587.981 Thread 0x00007f7d46466800 Exception <a 'sun/net/ConnectionResetException'{0x0000000784add698}: Connection reset> (0x0000000784add698) 
thrown [src/hotspot/share/prims/jni.cpp, line 539]
Event: 6957.924 Thread 0x00007f7d45295400 Exception <a 'sun/net/ConnectionResetException'{0x00000007845c5ae0}: Connection reset> (0x00000007845c5ae0) 
thrown [src/hotspot/share/prims/jni.cpp, line 539]
Event: 7001.413 Thread 0x00007f7d45295400 Exception <a 'java/io/IOException'{0x000000078443e748}> (0x000000078443e748) 
thrown [src/hotspot/share/prims/jni.cpp, line 520]
Event: 7001.415 Thread 0x00007f7d45295400 Exception <a 'sun/net/ConnectionResetException'{0x000000078443f328}: Connection reset> (0x000000078443f328) 
thrown [src/hotspot/share/prims/jni.cpp, line 539]
Event: 7019.519 Thread 0x00007f7d4b2dbe00 Exception <a 'sun/net/ConnectionResetException'{0x00000007844ab1c0}: Connection reset> (0x00000007844ab1c0) 
thrown [src/hotspot/share/prims/jni.cpp, line 539]
Event: 7082.860 Thread 0x00007f7d4b2dbe00 Exception <a 'sun/net/ConnectionResetException'{0x0000000784322338}: Connection reset> (0x0000000784322338) 
thrown [src/hotspot/share/prims/jni.cpp, line 539]
Event: 7097.850 Thread 0x00007f7d467c2800 Exception <a 'sun/net/ConnectionResetException'{0x0000000784390670}: Connection reset> (0x0000000784390670) 
thrown [src/hotspot/share/prims/jni.cpp, line 539]
Event: 7142.726 Thread 0x00007f7d46e67e00 Exception <a 'java/io/IOException'{0x00000007842062b0}> (0x00000007842062b0) 
thrown [src/hotspot/share/prims/jni.cpp, line 520]
Event: 7142.727 Thread 0x00007f7d46e67e00 Exception <a 'sun/net/ConnectionResetException'{0x0000000784206e90}: Connection reset> (0x0000000784206e90) 
thrown [src/hotspot/share/prims/jni.cpp, line 539]
Event: 7177.751 Thread 0x00007f7d449bb000 Exception <a 'sun/net/ConnectionResetException'{0x00000007842761d8}: Connection reset> (0x00000007842761d8) 
thrown [src/hotspot/share/prims/jni.cpp, line 539]
Event: 7188.780 Thread 0x00007f7d449bb000 Exception <a 'sun/net/ConnectionResetException'{0x00000007842e1680}: Connection reset> (0x00000007842e1680) 
thrown [src/hotspot/share/prims/jni.cpp, line 539]
Event: 7260.651 Thread 0x00007f7d45295400 Exception <a 'sun/net/ConnectionResetException'{0x000000078415ddc0}: Connection reset> (0x000000078415ddc0) 
thrown [src/hotspot/share/prims/jni.cpp, line 539]
Event: 7347.239 Thread 0x00007f7d449bb000 Exception <a 'sun/net/ConnectionResetException'{0x00000007841db388}: Connection reset> (0x00000007841db388) 
thrown [src/hotspot/share/prims/jni.cpp, line 539]
Event: 7676.729 Thread 0x00007f7d453a9a00 Implicit null exception at 0x00000001187103a7 to 0x00000001187109cc

ZGC Phase Switch (0 events):
No events

VM Operations (20 events):
Event: 5209.320 Executing non-safepoint VM operation: HandshakeAllThreads (HandshakeForDeflation)
Event: 5209.320 Executing non-safepoint VM operation: HandshakeAllThreads (HandshakeForDeflation) done
Event: 5209.320 Executing non-safepoint VM operation: RendezvousGCThreads
Event: 5209.320 Executing non-safepoint VM operation: RendezvousGCThreads done
Event: 5247.437 Executing safepoint VM operation: Cleanup
Event: 5247.437 Executing safepoint VM operation: Cleanup done
Event: 5453.011 Executing safepoint VM operation: Cleanup
Event: 5453.011 Executing safepoint VM operation: Cleanup done
Event: 5588.336 Executing safepoint VM operation: Cleanup
Event: 5588.336 Executing safepoint VM operation: Cleanup done
Event: 5589.336 Executing safepoint VM operation: Cleanup
Event: 5589.336 Executing safepoint VM operation: Cleanup done
Event: 6957.927 Executing safepoint VM operation: Cleanup
Event: 6957.930 Executing safepoint VM operation: Cleanup done
Event: 6958.934 Executing safepoint VM operation: Cleanup
Event: 6958.934 Executing safepoint VM operation: Cleanup done
Event: 7020.083 Executing safepoint VM operation: Cleanup
Event: 7020.083 Executing safepoint VM operation: Cleanup done
Event: 7098.301 Executing safepoint VM operation: Cleanup
Event: 7098.301 Executing safepoint VM operation: Cleanup done

Memory protections (20 events):
Event: 7142.718 Protecting memory [0x0000700004323000,0x0000700004327000] with protection modes 0
Event: 7142.728 Protecting memory [0x000070000514d000,0x0000700005151000] with protection modes 0
Event: 7147.733 Protecting memory [0x0000700004323000,0x0000700004327000] with protection modes 3
Event: 7147.830 Protecting memory [0x000070000514d000,0x0000700005151000] with protection modes 3
Event: 7177.744 Protecting memory [0x0000700004323000,0x0000700004327000] with protection modes 0
Event: 7177.752 Protecting memory [0x000070000514d000,0x0000700005151000] with protection modes 0
Event: 7182.757 Protecting memory [0x0000700004323000,0x0000700004327000] with protection modes 3
Event: 7182.822 Protecting memory [0x000070000514d000,0x0000700005151000] with protection modes 3
Event: 7188.779 Protecting memory [0x0000700004323000,0x0000700004327000] with protection modes 0
Event: 7188.780 Protecting memory [0x000070000514d000,0x0000700005151000] with protection modes 0
Event: 7193.781 Protecting memory [0x0000700004323000,0x0000700004327000] with protection modes 3
Event: 7193.843 Protecting memory [0x000070000514d000,0x0000700005151000] with protection modes 3
Event: 7260.648 Protecting memory [0x0000700004323000,0x0000700004327000] with protection modes 0
Event: 7260.652 Protecting memory [0x000070000514d000,0x0000700005151000] with protection modes 0
Event: 7265.655 Protecting memory [0x0000700004323000,0x0000700004327000] with protection modes 3
Event: 7265.721 Protecting memory [0x000070000514d000,0x0000700005151000] with protection modes 3
Event: 7347.235 Protecting memory [0x0000700004323000,0x0000700004327000] with protection modes 0
Event: 7347.240 Protecting memory [0x000070000514d000,0x0000700005151000] with protection modes 0
Event: 7352.245 Protecting memory [0x0000700004323000,0x0000700004327000] with protection modes 3
Event: 7352.307 Protecting memory [0x000070000514d000,0x0000700005151000] with protection modes 3

Nmethod flushes (20 events):
Event: 2350.881 Thread 0x00007f7d45b047e0 flushing  nmethod 0x0000000111b03a90
Event: 2350.881 Thread 0x00007f7d45b047e0 flushing  nmethod 0x0000000111b04a90
Event: 2350.881 Thread 0x00007f7d45b047e0 flushing osr nmethod 0x0000000111b63790
Event: 2350.881 Thread 0x00007f7d45b047e0 flushing  nmethod 0x0000000111beb490
Event: 2350.881 Thread 0x00007f7d45b047e0 flushing  nmethod 0x0000000111c4b910
Event: 2350.881 Thread 0x00007f7d45b047e0 flushing  nmethod 0x0000000111c83410
Event: 2350.881 Thread 0x00007f7d45b047e0 flushing  nmethod 0x0000000111d43790
Event: 2350.881 Thread 0x00007f7d45b047e0 flushing  nmethod 0x0000000111d43f90
Event: 2350.881 Thread 0x00007f7d45b047e0 flushing  nmethod 0x0000000111d44b10
Event: 2350.881 Thread 0x00007f7d45b047e0 flushing  nmethod 0x0000000111d45010
Event: 2350.881 Thread 0x00007f7d45b047e0 flushing  nmethod 0x0000000111d4b390
Event: 2350.881 Thread 0x00007f7d45b047e0 flushing  nmethod 0x0000000111d4bb10
Event: 2350.881 Thread 0x00007f7d45b047e0 flushing  nmethod 0x0000000111d4bf10
Event: 2350.881 Thread 0x00007f7d45b047e0 flushing  nmethod 0x0000000111d4c890
Event: 2350.881 Thread 0x00007f7d45b047e0 flushing  nmethod 0x0000000111d4cc10
Event: 2350.881 Thread 0x00007f7d45b047e0 flushing  nmethod 0x0000000111d95c10
Event: 2350.881 Thread 0x00007f7d45b047e0 flushing  nmethod 0x0000000111d98610
Event: 2350.881 Thread 0x00007f7d45b047e0 flushing  nmethod 0x0000000111d98f10
Event: 2350.881 Thread 0x00007f7d45b047e0 flushing  nmethod 0x0000000111d99490
Event: 2350.881 Thread 0x00007f7d45b047e0 flushing  nmethod 0x0000000111da0010

Events (20 events):
Event: 7142.718 Thread 0x00007f7d4c8d1200 Thread added: 0x00007f7d46e67e00
Event: 7142.728 Thread 0x00007f7d46e67e00 Thread added: 0x00007f7d449bb000
Event: 7147.733 Thread 0x00007f7d46e67e00 Thread exited: 0x00007f7d46e67e00
Event: 7147.832 Thread 0x00007f7d449bb000 Thread exited: 0x00007f7d449bb000
Event: 7177.744 Thread 0x00007f7d4c8d1200 Thread added: 0x00007f7d449bb000
Event: 7177.752 Thread 0x00007f7d449bb000 Thread added: 0x00007f7d46e67e00
Event: 7182.757 Thread 0x00007f7d449bb000 Thread exited: 0x00007f7d449bb000
Event: 7182.822 Thread 0x00007f7d46e67e00 Thread exited: 0x00007f7d46e67e00
Event: 7188.779 Thread 0x00007f7d4c8d1200 Thread added: 0x00007f7d449bb000
Event: 7188.780 Thread 0x00007f7d449bb000 Thread added: 0x00007f7d45295400
Event: 7193.782 Thread 0x00007f7d449bb000 Thread exited: 0x00007f7d449bb000
Event: 7193.843 Thread 0x00007f7d45295400 Thread exited: 0x00007f7d45295400
Event: 7260.648 Thread 0x00007f7d4c8d1200 Thread added: 0x00007f7d45295400
Event: 7260.652 Thread 0x00007f7d45295400 Thread added: 0x00007f7d46e67e00
Event: 7265.655 Thread 0x00007f7d45295400 Thread exited: 0x00007f7d45295400
Event: 7265.721 Thread 0x00007f7d46e67e00 Thread exited: 0x00007f7d46e67e00
Event: 7347.235 Thread 0x00007f7d4c8d1200 Thread added: 0x00007f7d449bb000
Event: 7347.240 Thread 0x00007f7d449bb000 Thread added: 0x00007f7d4b2dbe00
Event: 7352.245 Thread 0x00007f7d449bb000 Thread exited: 0x00007f7d449bb000
Event: 7352.307 Thread 0x00007f7d4b2dbe00 Thread exited: 0x00007f7d4b2dbe00


Dynamic libraries:
0x0000000105e9b000 	/Library/Java/JavaVirtualMachines/temurin-21.jdk/Contents/Home/lib/libjli.dylib
0x00007ff827d02000 	/System/Library/Frameworks/Cocoa.framework/Versions/A/Cocoa
0x00007ff80e49d000 	/System/Library/Frameworks/AppKit.framework/Versions/C/AppKit
0x00007ff811a25000 	/System/Library/Frameworks/CoreData.framework/Versions/A/CoreData
0x00007ff80bb63000 	/System/Library/Frameworks/Foundation.framework/Versions/C/Foundation
0x00007ff818ecf000 	/usr/lib/libSystem.B.dylib
0x00007ff80f9ee000 	/System/Library/PrivateFrameworks/UIFoundation.framework/Versions/A/UIFoundation
0x00007ffb20c52000 	/System/Library/PrivateFrameworks/CollectionViewCore.framework/Versions/A/CollectionViewCore
0x00007ff8167b7000 	/System/Library/PrivateFrameworks/XCTTargetBootstrap.framework/Versions/A/XCTTargetBootstrap
0x00007ff81bb15000 	/System/Library/PrivateFrameworks/InternationalSupport.framework/Versions/A/InternationalSupport
0x00007ff81be64000 	/System/Library/PrivateFrameworks/UserActivity.framework/Versions/A/UserActivity
0x00007ffd0dc67000 	/System/Library/PrivateFrameworks/UIIntelligenceSupport.framework/Versions/A/UIIntelligenceSupport
0x00007ffb17aba000 	/System/Library/Frameworks/SwiftUICore.framework/Versions/A/SwiftUICore
0x00007ffd12863000 	/System/Library/PrivateFrameworks/WritingTools.framework/Versions/A/WritingTools
0x00007ffd119b4000 	/System/Library/PrivateFrameworks/WindowManagement.framework/Versions/A/WindowManagement
0x00007ff80b7ee000 	/System/Library/Frameworks/SystemConfiguration.framework/Versions/A/SystemConfiguration
0x00007ff81ade6000 	/usr/lib/libspindump.dylib
0x00007ff80fbca000 	/System/Library/Frameworks/UniformTypeIdentifiers.framework/Versions/A/UniformTypeIdentifiers
0x00007ff8181bc000 	/usr/lib/libbsm.0.dylib
0x00007ff814375000 	/usr/lib/libapp_launch_measurement.dylib
0x00007ff8134a0000 	/System/Library/PrivateFrameworks/CoreAnalytics.framework/Versions/A/CoreAnalytics
0x00007ff814378000 	/System/Library/PrivateFrameworks/CoreAutoLayout.framework/Versions/A/CoreAutoLayout
0x00007ff815e00000 	/System/Library/Frameworks/Metal.framework/Versions/A/Metal
0x00007ff817072000 	/usr/lib/liblangid.dylib
0x00007ff8167bc000 	/System/Library/PrivateFrameworks/CoreSVG.framework/Versions/A/CoreSVG
0x00007ff8105fc000 	/System/Library/PrivateFrameworks/SkyLight.framework/Versions/A/SkyLight
0x00007ff810aca000 	/System/Library/Frameworks/CoreGraphics.framework/Versions/A/CoreGraphics
0x00007ff821072000 	/System/Library/Frameworks/Accelerate.framework/Versions/A/Accelerate
0x00007ff81ac26000 	/System/Library/PrivateFrameworks/IconServices.framework/Versions/A/IconServices
0x00007ff815ddf000 	/System/Library/Frameworks/IOSurface.framework/Versions/A/IOSurface
0x00007ff8134ce000 	/usr/lib/libDiagnosticMessagesClient.dylib
0x00007ff818de4000 	/usr/lib/libz.1.dylib
0x00007ff82523c000 	/System/Library/Frameworks/ApplicationServices.framework/Versions/A/ApplicationServices
0x00007ff8167a4000 	/System/Library/PrivateFrameworks/DFRFoundation.framework/Versions/A/DFRFoundation
0x00007ff80dd4c000 	/usr/lib/libicucore.A.dylib
0x00007ff81cece000 	/System/Library/Frameworks/AudioToolbox.framework/Versions/A/AudioToolbox
0x00007ff81be1d000 	/System/Library/PrivateFrameworks/DataDetectorsCore.framework/Versions/A/DataDetectorsCore
0x00007ff916dfd000 	/System/Library/PrivateFrameworks/TextInput.framework/Versions/A/TextInput
0x00007ff81054f000 	/usr/lib/libMobileGestalt.dylib
0x00007ff8164c2000 	/System/Library/Frameworks/Carbon.framework/Versions/A/Frameworks/HIToolbox.framework/Versions/A/HIToolbox
0x00007ff813c86000 	/System/Library/Frameworks/QuartzCore.framework/Versions/A/QuartzCore
0x00007ff80d96e000 	/System/Library/Frameworks/Security.framework/Versions/A/Security
0x00007ff8209bb000 	/System/Library/Frameworks/Carbon.framework/Versions/A/Frameworks/SpeechRecognition.framework/Versions/A/SpeechRecognition
0x00007ff814080000 	/System/Library/PrivateFrameworks/CoreUI.framework/Versions/A/CoreUI
0x00007ff80d22e000 	/System/Library/Frameworks/CoreAudio.framework/Versions/A/CoreAudio
0x00007ff8135b5000 	/System/Library/Frameworks/DiskArbitration.framework/Versions/A/DiskArbitration
0x00007ff81b233000 	/System/Library/PrivateFrameworks/MultitouchSupport.framework/Versions/A/MultitouchSupport
0x00007ff81054e000 	/usr/lib/libenergytrace.dylib
0x00007ff90b3ac000 	/System/Library/PrivateFrameworks/RenderBox.framework/Versions/A/RenderBox
0x00007ff80e36c000 	/System/Library/Frameworks/IOKit.framework/Versions/A/IOKit
0x00007ff820dc6000 	/System/Library/Frameworks/CoreServices.framework/Versions/A/CoreServices
0x00007ff81430c000 	/System/Library/PrivateFrameworks/PerformanceAnalysis.framework/Versions/A/PerformanceAnalysis
0x00007ffb0ec1d000 	/System/Library/Frameworks/OpenGL.framework/Versions/A/OpenGL
0x00007ff8143c2000 	/usr/lib/libxml2.2.dylib
0x00007ff8180ae000 	/System/Library/PrivateFrameworks/MobileKeyBag.framework/Versions/A/MobileKeyBag
0x00007ff80a59f000 	/usr/lib/libobjc.A.dylib
0x00007ff80a8b8000 	/usr/lib/libc++.1.dylib
0x00007ff820d41000 	/System/Library/Frameworks/Accessibility.framework/Versions/A/Accessibility
0x00007ff8113bd000 	/System/Library/Frameworks/ColorSync.framework/Versions/A/ColorSync
0x00007ff80a9ff000 	/System/Library/Frameworks/CoreFoundation.framework/Versions/A/CoreFoundation
0x00007ff816b8e000 	/System/Library/Frameworks/CoreImage.framework/Versions/A/CoreImage
0x00007ff80cff4000 	/System/Library/Frameworks/CoreText.framework/Versions/A/CoreText
0x00007ffb12c24000 	/System/Library/Frameworks/CoreTransferable.framework/Versions/A/CoreTransferable
0x00007ffb130ca000 	/System/Library/Frameworks/DataDetection.framework/Versions/A/DataDetection
0x00007ffb130cd000 	/System/Library/Frameworks/DeveloperToolsSupport.framework/Versions/A/DeveloperToolsSupport
0x00007ff8167f4000 	/System/Library/Frameworks/ImageIO.framework/Versions/A/ImageIO
0x00007ffb18620000 	/System/Library/Frameworks/Symbols.framework/Versions/A/Symbols
0x00007ffa1e343000 	/System/Library/PrivateFrameworks/FeatureFlags.framework/Versions/A/FeatureFlags
0x00007ff818ed4000 	/System/Library/PrivateFrameworks/SoftLinking.framework/Versions/A/SoftLinking
0x00007ffa09e58000 	/usr/lib/swift/libswiftAccelerate.dylib
0x00007ff81c90e000 	/usr/lib/swift/libswiftCore.dylib
0x00007ff9132e6000 	/usr/lib/swift/libswiftCoreFoundation.dylib
0x00007ff913333000 	/usr/lib/swift/libswiftCoreImage.dylib
0x00007ff910859000 	/usr/lib/swift/libswiftDarwin.dylib
0x00007ffd198ec000 	/usr/lib/swift/libswiftDataDetection.dylib
0x00007ff822ba4000 	/usr/lib/swift/libswiftDispatch.dylib
0x00007ff913334000 	/usr/lib/swift/libswiftIOKit.dylib
0x00007ff9201e1000 	/usr/lib/swift/libswiftMetal.dylib
0x00007ffa0f385000 	/usr/lib/swift/libswiftOSLog.dylib
0x00007ff825717000 	/usr/lib/swift/libswiftObjectiveC.dylib
0x00007ffd19916000 	/usr/lib/swift/libswiftObservation.dylib
0x00007ff9255b0000 	/usr/lib/swift/libswiftQuartzCore.dylib
0x00007ffa09e49000 	/usr/lib/swift/libswiftUniformTypeIdentifiers.dylib
0x00007ff9132f6000 	/usr/lib/swift/libswiftXPC.dylib
0x00007ffd19a15000 	/usr/lib/swift/libswift_Builtin_float.dylib
0x00007ffd19a18000 	/usr/lib/swift/libswift_Concurrency.dylib
0x00007ffd19b61000 	/usr/lib/swift/libswift_StringProcessing.dylib
0x00007ffd19be6000 	/usr/lib/swift/libswift_errno.dylib
0x00007ffd19be8000 	/usr/lib/swift/libswift_math.dylib
0x00007ffd19beb000 	/usr/lib/swift/libswift_signal.dylib
0x00007ffd19bec000 	/usr/lib/swift/libswift_stdio.dylib
0x00007ffd19bed000 	/usr/lib/swift/libswift_time.dylib
0x00007ff82571b000 	/usr/lib/swift/libswiftos.dylib
0x00007ff916d50000 	/usr/lib/swift/libswiftsimd.dylib
0x00007ffd19bee000 	/usr/lib/swift/libswiftsys_time.dylib
0x00007ffd19bef000 	/usr/lib/swift/libswiftunistd.dylib
0x00007ff8190ce000 	/usr/lib/libcompression.dylib
0x00007ff81ba57000 	/System/Library/PrivateFrameworks/TextureIO.framework/Versions/A/TextureIO
0x00007ff81a8b2000 	/usr/lib/libate.dylib
0x00007ff818ec9000 	/usr/lib/system/libcache.dylib
0x00007ff818e82000 	/usr/lib/system/libcommonCrypto.dylib
0x00007ff818eac000 	/usr/lib/system/libcompiler_rt.dylib
0x00007ff818ea0000 	/usr/lib/system/libcopyfile.dylib
0x00007ff80a6e6000 	/usr/lib/system/libcorecrypto.dylib
0x00007ff80a7e4000 	/usr/lib/system/libdispatch.dylib
0x00007ff80a997000 	/usr/lib/system/libdyld.dylib
0x00007ff818ebf000 	/usr/lib/system/libkeymgr.dylib
0x00007ff818e67000 	/usr/lib/system/libmacho.dylib
0x00007ff818197000 	/usr/lib/system/libquarantine.dylib
0x00007ff818ebc000 	/usr/lib/system/libremovefile.dylib
0x00007ff8105c4000 	/usr/lib/system/libsystem_asl.dylib
0x00007ff80a680000 	/usr/lib/system/libsystem_blocks.dylib
0x00007ff80a82f000 	/usr/lib/system/libsystem_c.dylib
0x00007ff818eb4000 	/usr/lib/system/libsystem_collections.dylib
0x00007ff817061000 	/usr/lib/system/libsystem_configuration.dylib
0x00007ff815db0000 	/usr/lib/system/libsystem_containermanager.dylib
0x00007ff818a2d000 	/usr/lib/system/libsystem_coreservices.dylib
0x00007ff80dff5000 	/usr/lib/system/libsystem_darwin.dylib
0x00007ffd19d48000 	/usr/lib/system/libsystem_darwindirectory.dylib
0x00007ff818ec0000 	/usr/lib/system/libsystem_dnssd.dylib
0x00007ffd19d4d000 	/usr/lib/system/libsystem_eligibility.dylib
0x00007ff80a82c000 	/usr/lib/system/libsystem_featureflags.dylib
0x00007ff80a9d0000 	/usr/lib/system/libsystem_info.dylib
0x00007ff818df8000 	/usr/lib/system/libsystem_m.dylib
0x00007ff80a799000 	/usr/lib/system/libsystem_malloc.dylib
0x00007ff810534000 	/usr/lib/system/libsystem_networkextension.dylib
0x00007ff80e432000 	/usr/lib/system/libsystem_notify.dylib
0x00007ff817065000 	/usr/lib/system/libsystem_sandbox.dylib
0x00007ffd19d55000 	/usr/lib/system/libsystem_sanitizers.dylib
0x00007ff818eb9000 	/usr/lib/system/libsystem_secinit.dylib
0x00007ff80a94e000 	/usr/lib/system/libsystem_kernel.dylib
0x00007ff80a9c6000 	/usr/lib/system/libsystem_platform.dylib
0x00007ff80a98b000 	/usr/lib/system/libsystem_pthread.dylib
0x00007ff812375000 	/usr/lib/system/libsystem_symptoms.dylib
0x00007ff80a6cb000 	/usr/lib/system/libsystem_trace.dylib
0x00007ff818e8f000 	/usr/lib/system/libunwind.dylib
0x00007ff80a684000 	/usr/lib/system/libxpc.dylib
0x00007ff80a937000 	/usr/lib/libc++abi.dylib
0x00007ffd187a3000 	/usr/lib/libRosetta.dylib
0x00007ff80e2e9000 	/System/Library/PrivateFrameworks/CoreServicesInternal.framework/Versions/A/CoreServicesInternal
0x00007ff818e98000 	/usr/lib/liboah.dylib
0x00007ff818ed1000 	/usr/lib/libfakelink.dylib
0x00007ff824d12000 	/System/Library/PrivateFrameworks/DiskImages.framework/Versions/A/DiskImages
0x00007ff910390000 	/System/Library/Frameworks/NetFS.framework/Versions/A/NetFS
0x00007ff81018d000 	/System/Library/Frameworks/CFNetwork.framework/Versions/A/CFNetwork
0x00007ff81433f000 	/System/Library/Frameworks/CoreServices.framework/Versions/A/Frameworks/FSEvents.framework/Versions/A/FSEvents
0x00007ff80e000000 	/System/Library/Frameworks/CoreServices.framework/Versions/A/Frameworks/CarbonCore.framework/Versions/A/CarbonCore
0x00007ff81352d000 	/System/Library/Frameworks/CoreServices.framework/Versions/A/Frameworks/Metadata.framework/Versions/A/Metadata
0x00007ff818a34000 	/System/Library/Frameworks/CoreServices.framework/Versions/A/Frameworks/OSServices.framework/Versions/A/OSServices
0x00007ff818fff000 	/System/Library/Frameworks/CoreServices.framework/Versions/A/Frameworks/SearchKit.framework/Versions/A/SearchKit
0x00007ff8122f4000 	/System/Library/Frameworks/CoreServices.framework/Versions/A/Frameworks/AE.framework/Versions/A/AE
0x00007ff80aeb4000 	/System/Library/Frameworks/CoreServices.framework/Versions/A/Frameworks/LaunchServices.framework/Versions/A/LaunchServices
0x00007ff81a612000 	/System/Library/Frameworks/CoreServices.framework/Versions/A/Frameworks/DictionaryServices.framework/Versions/A/DictionaryServices
0x00007ff81434d000 	/System/Library/Frameworks/CoreServices.framework/Versions/A/Frameworks/SharedFileList.framework/Versions/A/SharedFileList
0x00007ff819081000 	/usr/lib/libapple_nghttp2.dylib
0x00007ff811f50000 	/usr/lib/libsqlite3.dylib
0x00007ff81d4ef000 	/System/Library/Frameworks/GSS.framework/Versions/A/GSS
0x00007ff81228f000 	/System/Library/PrivateFrameworks/RunningBoardServices.framework/Versions/A/RunningBoardServices
0x00007ff81237d000 	/System/Library/Frameworks/Network.framework/Versions/A/Network
0x00007ff818e6b000 	/usr/lib/system/libkxld.dylib
0x00007ffb1cfb8000 	/System/Library/PrivateFrameworks/AppleKeyStore.framework/Versions/A/AppleKeyStore
0x00007ffd18670000 	/usr/lib/libCoreEntitlements.dylib
0x00007ffc17f17000 	/System/Library/PrivateFrameworks/MessageSecurity.framework/Versions/A/MessageSecurity
0x00007ff811f36000 	/System/Library/PrivateFrameworks/ProtocolBuffer.framework/Versions/A/ProtocolBuffer
0x00007ff818a13000 	/System/Library/PrivateFrameworks/AppleFSCompression.framework/Versions/A/AppleFSCompression
0x00007ff8181a4000 	/usr/lib/libcoretls.dylib
0x00007ff81a680000 	/usr/lib/libcoretls_cfhelpers.dylib
0x00007ff8190c8000 	/usr/lib/libpam.2.dylib
0x00007ff81a6fb000 	/usr/lib/libxar.1.dylib
0x00007ff818f23000 	/usr/lib/libarchive.2.dylib
0x00007ff81ec34000 	/System/Library/Frameworks/Combine.framework/Versions/A/Combine
0x00007ffb20c79000 	/System/Library/PrivateFrameworks/CollectionsInternal.framework/Versions/A/CollectionsInternal
0x00007ffc2039e000 	/System/Library/PrivateFrameworks/ReflectionInternal.framework/Versions/A/ReflectionInternal
0x00007ffc20f4d000 	/System/Library/PrivateFrameworks/RuntimeInternal.framework/Versions/A/RuntimeInternal
0x00007ffd199a9000 	/usr/lib/swift/libswiftSystem.dylib
0x00007ff81706d000 	/System/Library/PrivateFrameworks/AppleSystemInfo.framework/Versions/A/AppleSystemInfo
0x00007ff9131d8000 	/System/Library/PrivateFrameworks/LoggingSupport.framework/Versions/A/LoggingSupport
0x00007ff821d2b000 	/System/Library/PrivateFrameworks/PowerLog.framework/Versions/A/PowerLog
0x00007ffb17991000 	/System/Library/Frameworks/SwiftData.framework/Versions/A/SwiftData
0x00007ff814537000 	/System/Library/PrivateFrameworks/UserManagement.framework/Versions/A/UserManagement
0x00007ff8100b2000 	/usr/lib/libboringssl.dylib
0x00007ff812365000 	/usr/lib/libdns_services.dylib
0x00007ff9123de000 	/usr/lib/libquic.dylib
0x00007ff81c896000 	/usr/lib/libusrtcp.dylib
0x00007ffa1754f000 	/System/Library/PrivateFrameworks/InternalSwiftProtobuf.framework/Versions/A/InternalSwiftProtobuf
0x00007ffd198ed000 	/usr/lib/swift/libswiftDistributed.dylib
0x00007ffd1999f000 	/usr/lib/swift/libswiftSynchronization.dylib
0x00007ff81018c000 	/usr/lib/libnetwork.dylib
0x00007ff9242cc000 	/System/Library/PrivateFrameworks/OSAnalytics.framework/Versions/A/OSAnalytics
0x00007ff81905f000 	/System/Library/PrivateFrameworks/AppleSauce.framework/Versions/A/AppleSauce
0x00007ff823337000 	/System/Library/PrivateFrameworks/CoreSymbolication.framework/Versions/A/CoreSymbolication
0x00007ffa12ed3000 	/System/Library/PrivateFrameworks/Symbolication.framework/Versions/A/Symbolication
0x00007ff823317000 	/System/Library/PrivateFrameworks/DebugSymbols.framework/Versions/A/DebugSymbols
0x00007ffd1852f000 	/usr/lib/libAppleArchive.dylib
0x00007ff818a1e000 	/usr/lib/libbz2.1.0.dylib
0x00007ff81a660000 	/usr/lib/liblzma.5.dylib
0x00007ff817ea8000 	/System/Library/PrivateFrameworks/IOMobileFramebuffer.framework/Versions/A/IOMobileFramebuffer
0x00007ff913266000 	/System/Library/PrivateFrameworks/MallocStackLogging.framework/Versions/A/MallocStackLogging
0x00007ff81a951000 	/System/Library/PrivateFrameworks/CrashReporterSupport.framework/Versions/A/CrashReporterSupport
0x00007ff80b5a2000 	/System/Library/PrivateFrameworks/Lexicon.framework/Versions/A/Lexicon
0x00007ffc10d53000 	/System/Library/PrivateFrameworks/IO80211.framework/Versions/A/IO80211
0x00007ff822e1a000 	/System/Library/PrivateFrameworks/FrontBoardServices.framework/Versions/A/FrontBoardServices
0x00007ff8180d6000 	/System/Library/Frameworks/SecurityFoundation.framework/Versions/A/SecurityFoundation
0x00007ff818227000 	/usr/lib/libgermantok.dylib
0x00007ff817182000 	/System/Library/PrivateFrameworks/LinguisticData.framework/Versions/A/LinguisticData
0x00007ff8121ac000 	/System/Library/PrivateFrameworks/BaseBoard.framework/Versions/A/BaseBoard
0x00007ff822ee8000 	/System/Library/PrivateFrameworks/BoardServices.framework/Versions/A/BoardServices
0x00007ff8180c9000 	/System/Library/PrivateFrameworks/AssertionServices.framework/Versions/A/AssertionServices
0x00007ff824b4a000 	/System/Library/PrivateFrameworks/BackBoardServices.framework/Versions/A/BackBoardServices
0x00007ff8161fb000 	/System/Library/PrivateFrameworks/FontServices.framework/libFontParser.dylib
0x00007ff8105dc000 	/System/Library/PrivateFrameworks/TCC.framework/Versions/A/TCC
0x00007ff82854a000 	/System/Library/PrivateFrameworks/IOSurfaceAccelerator.framework/Versions/A/IOSurfaceAccelerator
0x00007ff81b231000 	/System/Library/PrivateFrameworks/WatchdogClient.framework/Versions/A/WatchdogClient
0x00007ff80cb07000 	/System/Library/Frameworks/CoreDisplay.framework/Versions/A/CoreDisplay
0x00007ff8160a7000 	/System/Library/Frameworks/CoreMedia.framework/Versions/A/CoreMedia
0x00007ff815df7000 	/System/Library/PrivateFrameworks/IOAccelerator.framework/Versions/A/IOAccelerator
0x00007ff8144a5000 	/System/Library/Frameworks/CoreVideo.framework/Versions/A/CoreVideo
0x00007ff8190c6000 	/System/Library/Frameworks/MetalPerformanceShaders.framework/Versions/A/MetalPerformanceShaders
0x00007ffc1f7e0000 	/System/Library/PrivateFrameworks/ProDisplayLibrary.framework/Versions/A/ProDisplayLibrary
0x00007ff81b277000 	/System/Library/Frameworks/VideoToolbox.framework/Versions/A/VideoToolbox
0x00007ff81706c000 	/System/Library/PrivateFrameworks/AggregateDictionary.framework/Versions/A/AggregateDictionary
0x00007ff81a682000 	/System/Library/PrivateFrameworks/APFS.framework/Versions/A/APFS
0x00007ff81a709000 	/usr/lib/libutil.dylib
0x00007ffd09627000 	/System/Library/PrivateFrameworks/SwiftASN1Internal.framework/Versions/A/SwiftASN1Internal
0x00007ff8135bd000 	/System/Library/Frameworks/Accelerate.framework/Versions/A/Frameworks/vImage.framework/Versions/A/vImage
0x00007ff820d9d000 	/System/Library/Frameworks/Accelerate.framework/Versions/A/Frameworks/vecLib.framework/Versions/A/vecLib
0x00007ff81a73e000 	/System/Library/Frameworks/Accelerate.framework/Versions/A/Frameworks/vecLib.framework/Versions/A/libvMisc.dylib
0x00007ff80b33c000 	/System/Library/Frameworks/Accelerate.framework/Versions/A/Frameworks/vecLib.framework/Versions/A/libBLAS.dylib
0x00007ff81d108000 	/System/Library/Frameworks/ApplicationServices.framework/Versions/A/Frameworks/ATS.framework/Versions/A/ATS
0x00007ff811572000 	/System/Library/Frameworks/ApplicationServices.framework/Versions/A/Frameworks/HIServices.framework/Versions/A/HIServices
0x00007ff81b9e4000 	/System/Library/Frameworks/ApplicationServices.framework/Versions/A/Frameworks/PrintCore.framework/Versions/A/PrintCore
0x00007ff81d4b9000 	/System/Library/Frameworks/ApplicationServices.framework/Versions/A/Frameworks/QD.framework/Versions/A/QD
0x00007ff81d4b1000 	/System/Library/Frameworks/ApplicationServices.framework/Versions/A/Frameworks/ColorSyncLegacy.framework/Versions/A/ColorSyncLegacy
0x00007ff81d0de000 	/System/Library/Frameworks/ApplicationServices.framework/Versions/A/Frameworks/SpeechSynthesis.framework/Versions/A/SpeechSynthesis
0x00007ff817e76000 	/System/Library/PrivateFrameworks/CoreEmoji.framework/Versions/A/CoreEmoji
0x00007ffb26ba0000 	/System/Library/PrivateFrameworks/FontServices.framework/Versions/A/FontServices
0x00007ff81ad95000 	/System/Library/PrivateFrameworks/OTSVG.framework/Versions/A/OTSVG
0x00007ff814034000 	/System/Library/Frameworks/ApplicationServices.framework/Versions/A/Frameworks/ATS.framework/Versions/A/Resources/libFontRegistry.dylib
0x00007ffd18cea000 	/usr/lib/libhvf.dylib
0x00007ffc1bdbd000 	/System/Library/PrivateFrameworks/ParsingInternal.framework/Versions/A/ParsingInternal
0x00007ffd19932000 	/usr/lib/swift/libswiftRegexBuilder.dylib
0x00007ffd19ab3000 	/usr/lib/swift/libswift_RegexParser.dylib
0x00007ff81b0f7000 	/System/Library/PrivateFrameworks/AppleJPEG.framework/Versions/A/AppleJPEG
0x00007ff81abb4000 	/usr/lib/libexpat.1.dylib
0x00007ff81b8ad000 	/System/Library/Frameworks/ImageIO.framework/Versions/A/Resources/libPng.dylib
0x00007ff81b8d9000 	/System/Library/Frameworks/ImageIO.framework/Versions/A/Resources/libTIFF.dylib
0x00007ff81b9cf000 	/System/Library/Frameworks/ImageIO.framework/Versions/A/Resources/libGIF.dylib
0x00007ff81b144000 	/System/Library/Frameworks/ImageIO.framework/Versions/A/Resources/libJP2.dylib
0x00007ff81b96e000 	/System/Library/Frameworks/ImageIO.framework/Versions/A/Resources/libJPEG.dylib
0x00007ff81b965000 	/System/Library/Frameworks/ImageIO.framework/Versions/A/Resources/libRadiance.dylib
0x00007ffc0cf27000 	/System/Library/PrivateFrameworks/GPUCompiler.framework/Versions/32023/Libraries/libllvm-flatbuffers.dylib
0x00007ffb26c6b000 	/System/Library/PrivateFrameworks/FramePacing.framework/Versions/A/FramePacing
0x00007ffb0ec11000 	/System/Library/Frameworks/OpenGL.framework/Versions/A/Libraries/libCoreFSCache.dylib
0x00007ffb27883000 	/System/Library/PrivateFrameworks/GPUCompiler.framework/Versions/32023/Libraries/libGPUCompilerUtils.dylib
0x00007ffb26ba1000 	/System/Library/PrivateFrameworks/FontServices.framework/libXTFontStaticRegistryData.dylib
0x00007ffc1eabb000 	/System/Library/PrivateFrameworks/PhotosensitivityProcessing.framework/Versions/A/PhotosensitivityProcessing
0x00007ffb101e1000 	/System/Library/Frameworks/OpenCL.framework/Versions/A/OpenCL
0x00007ff81ad86000 	/System/Library/PrivateFrameworks/GraphVisualizer.framework/Versions/A/GraphVisualizer
0x00007ffb0ec6f000 	/System/Library/Frameworks/OpenGL.framework/Versions/A/Libraries/libGLU.dylib
0x00007ffb0ec30000 	/System/Library/Frameworks/OpenGL.framework/Versions/A/Libraries/libGFXShared.dylib
0x00007ffb0ee2c000 	/System/Library/Frameworks/OpenGL.framework/Versions/A/Libraries/libGL.dylib
0x00007ffb0ec39000 	/System/Library/Frameworks/OpenGL.framework/Versions/A/Libraries/libGLImage.dylib
0x00007ffb0ec2d000 	/System/Library/Frameworks/OpenGL.framework/Versions/A/Libraries/libCVMSPluginSupport.dylib
0x00007ffb0ec18000 	/System/Library/Frameworks/OpenGL.framework/Versions/A/Libraries/libCoreVMClient.dylib
0x00007ff816fa6000 	/System/Library/Frameworks/MetalPerformanceShaders.framework/Versions/A/Frameworks/MPSCore.framework/Versions/A/MPSCore
0x00007ff81896e000 	/System/Library/Frameworks/MetalPerformanceShaders.framework/Versions/A/Frameworks/MPSImage.framework/Versions/A/MPSImage
0x00007ff818240000 	/System/Library/Frameworks/MetalPerformanceShaders.framework/Versions/A/Frameworks/MPSNeuralNetwork.framework/Versions/A/MPSNeuralNetwork
0x00007ff8187a0000 	/System/Library/Frameworks/MetalPerformanceShaders.framework/Versions/A/Frameworks/MPSMatrix.framework/Versions/A/MPSMatrix
0x00007ff818556000 	/System/Library/Frameworks/MetalPerformanceShaders.framework/Versions/A/Frameworks/MPSRayIntersector.framework/Versions/A/MPSRayIntersector
0x00007ff8187df000 	/System/Library/Frameworks/MetalPerformanceShaders.framework/Versions/A/Frameworks/MPSNDArray.framework/Versions/A/MPSNDArray
0x00007ffb14c9d000 	/System/Library/Frameworks/MetalPerformanceShaders.framework/Versions/A/Frameworks/MPSFunctions.framework/Versions/A/MPSFunctions
0x00007ffb14c7f000 	/System/Library/Frameworks/MetalPerformanceShaders.framework/Versions/A/Frameworks/MPSBenchmarkLoop.framework/Versions/A/MPSBenchmarkLoop
0x00007ff80b1ad000 	/System/Library/PrivateFrameworks/MetalTools.framework/Versions/A/MetalTools
0x00007ff91829f000 	/System/Library/PrivateFrameworks/IOAccelMemoryInfo.framework/Versions/A/IOAccelMemoryInfo
0x00007ff9259b6000 	/System/Library/PrivateFrameworks/kperf.framework/Versions/A/kperf
0x00007ff9132c8000 	/System/Library/PrivateFrameworks/GPURawCounter.framework/Versions/A/GPURawCounter
0x00007ff81b9a0000 	/System/Library/Frameworks/ApplicationServices.framework/Versions/A/Frameworks/ATSUI.framework/Versions/A/ATSUI
0x00007ff81d443000 	/usr/lib/libcups.2.dylib
0x00007ff81d4e0000 	/System/Library/Frameworks/Kerberos.framework/Versions/A/Kerberos
0x00007ff81d14b000 	/usr/lib/libresolv.9.dylib
0x00007ff818f0b000 	/usr/lib/libiconv.2.dylib
0x00007ff81aded000 	/System/Library/PrivateFrameworks/Heimdal.framework/Versions/A/Heimdal
0x00007ff82566f000 	/System/Library/Frameworks/Kerberos.framework/Versions/A/Libraries/libHeimdalProxy.dylib
0x00007ff81abd0000 	/usr/lib/libheimdal-asn1.dylib
0x00007ff814317000 	/System/Library/Frameworks/OpenDirectory.framework/Versions/A/OpenDirectory
0x00007ff81d538000 	/System/Library/PrivateFrameworks/CommonAuth.framework/Versions/A/CommonAuth
0x00007ff814323000 	/System/Library/Frameworks/OpenDirectory.framework/Versions/A/Frameworks/CFOpenDirectory.framework/Versions/A/CFOpenDirectory
0x00007ff818e66000 	/usr/lib/libcharset.1.dylib
0x00007ffb11cc9000 	/System/Library/Frameworks/AVFAudio.framework/Versions/A/AVFAudio
0x00007ff90cd30000 	/System/Library/PrivateFrameworks/AXCoreUtilities.framework/Versions/A/AXCoreUtilities
0x00007ffc14023000 	/System/Library/PrivateFrameworks/IsolatedCoreAudioClient.framework/Versions/A/IsolatedCoreAudioClient
0x00007ff81d0c6000 	/usr/lib/libAudioStatistics.dylib
0x00007ff816083000 	/System/Library/PrivateFrameworks/caulk.framework/Versions/A/caulk
0x00007ff80cc32000 	/System/Library/PrivateFrameworks/AudioToolboxCore.framework/Versions/A/AudioToolboxCore
0x00007ff827b08000 	/System/Library/Frameworks/CoreMIDI.framework/Versions/A/CoreMIDI
0x00007ff81d06c000 	/System/Library/PrivateFrameworks/AudioSession.framework/Versions/A/AudioSession
0x00007ff81e9b7000 	/System/Library/Frameworks/IOBluetooth.framework/Versions/A/IOBluetooth
0x00007ff81acbd000 	/System/Library/PrivateFrameworks/MediaExperience.framework/Versions/A/MediaExperience
0x00007ffd0c076000 	/System/Library/PrivateFrameworks/Tightbeam.framework/Versions/A/Tightbeam
0x00007ffb21638000 	/System/Library/PrivateFrameworks/CoreAudioOrchestration.framework/Versions/A/CoreAudioOrchestration
0x00007ffa0a48e000 	/System/Library/PrivateFrameworks/AFKUser.framework/Versions/A/AFKUser
0x00007ff9132cc000 	/usr/lib/swift/libswiftCoreAudio.dylib
0x00007ff81addb000 	/System/Library/PrivateFrameworks/AppServerSupport.framework/Versions/A/AppServerSupport
0x00007ff81d4c3000 	/System/Library/PrivateFrameworks/perfdata.framework/Versions/A/perfdata
0x00007ff9124ca000 	/System/Library/PrivateFrameworks/SystemPolicy.framework/Versions/A/SystemPolicy
0x00007ff81d362000 	/usr/lib/libSMC.dylib
0x00007ff81b878000 	/usr/lib/libAudioToolboxUtility.dylib
0x00007ff81d4d1000 	/usr/lib/libperfcheck.dylib
0x00007ffb1dbd7000 	/System/Library/PrivateFrameworks/AudioAnalytics.framework/Versions/A/AudioAnalytics
0x00007ffa17324000 	/System/Library/Frameworks/OSLog.framework/Versions/A/OSLog
0x00007ff913296000 	/usr/lib/libmis.dylib
0x00007ff81ce8d000 	/System/Library/PrivateFrameworks/AudioSession.framework/libSessionUtility.dylib
0x00007ff81b9d5000 	/System/Library/PrivateFrameworks/CMCaptureCore.framework/Versions/A/CMCaptureCore
0x00007ffb131ed000 	/System/Library/Frameworks/ExtensionFoundation.framework/Versions/A/ExtensionFoundation
0x00007ff823449000 	/System/Library/PrivateFrameworks/CoreTime.framework/Versions/A/CoreTime
0x00007ff81aaa4000 	/System/Library/PrivateFrameworks/PlugInKit.framework/Versions/A/PlugInKit
0x00007ff821c30000 	/System/Library/Frameworks/CoreBluetooth.framework/Versions/A/CoreBluetooth
0x00007ff825670000 	/System/Library/Frameworks/AudioUnit.framework/Versions/A/AudioUnit
0x00007ff817f34000 	/System/Library/PrivateFrameworks/CoreUtils.framework/Versions/A/CoreUtils
0x00007ffb247d4000 	/System/Library/PrivateFrameworks/CoreUtilsExtras.framework/Versions/A/CoreUtilsExtras
0x00007ff8210bf000 	/System/Library/Frameworks/MediaAccessibility.framework/Versions/A/MediaAccessibility
0x00007ff91b689000 	/System/Library/PrivateFrameworks/AttributeGraph.framework/Versions/A/AttributeGraph
0x00007ffd184af000 	/usr/lib/libAXSafeCategoryBundle.dylib
0x00007ff90cdd5000 	/usr/lib/libAccessibility.dylib
0x00007ff817caa000 	/System/Library/Frameworks/Accelerate.framework/Versions/A/Frameworks/vecLib.framework/Versions/A/libvDSP.dylib
0x00007ff8191b4000 	/System/Library/Frameworks/Accelerate.framework/Versions/A/Frameworks/vecLib.framework/Versions/A/libLAPACK.dylib
0x00007ff81822a000 	/System/Library/Frameworks/Accelerate.framework/Versions/A/Frameworks/vecLib.framework/Versions/A/libLinearAlgebra.dylib
0x00007ff81909c000 	/System/Library/Frameworks/Accelerate.framework/Versions/A/Frameworks/vecLib.framework/Versions/A/libSparseBLAS.dylib
0x00007ff8191ae000 	/System/Library/Frameworks/Accelerate.framework/Versions/A/Frameworks/vecLib.framework/Versions/A/libQuadrature.dylib
0x00007ff817188000 	/System/Library/Frameworks/Accelerate.framework/Versions/A/Frameworks/vecLib.framework/Versions/A/libBNNS.dylib
0x00007ff80b6a7000 	/System/Library/Frameworks/Accelerate.framework/Versions/A/Frameworks/vecLib.framework/Versions/A/libSparse.dylib
0x00007ffc153fa000 	/System/Library/PrivateFrameworks/MIL.framework/Versions/A/MIL
0x00007ff81b95e000 	/System/Library/PrivateFrameworks/GPUWrangler.framework/Versions/A/GPUWrangler
0x00007ff81b942000 	/System/Library/PrivateFrameworks/IOPresentment.framework/Versions/A/IOPresentment
0x00007ff81b968000 	/System/Library/PrivateFrameworks/DSExternalDisplay.framework/Versions/A/DSExternalDisplay
0x00007ffa1771b000 	/System/Library/PrivateFrameworks/HIDDisplay.framework/Versions/A/HIDDisplay
0x00007ff90c042000 	/System/Library/PrivateFrameworks/HID.framework/Versions/A/HID
0x00007ffd0f6be000 	/System/Library/PrivateFrameworks/VideoToolboxParavirtualizationSupport.framework/Versions/A/VideoToolboxParavirtualizationSupport
0x00007ff81ab66000 	/System/Library/PrivateFrameworks/AppleVA.framework/Versions/A/AppleVA
0x00007ff822f95000 	/System/Library/PrivateFrameworks/GraphicsServices.framework/Versions/A/GraphicsServices
0x00007ff81d6ae000 	/System/Library/PrivateFrameworks/CorePhoneNumbers.framework/Versions/A/CorePhoneNumbers
0x00007ff821e0d000 	/System/Library/PrivateFrameworks/MediaKit.framework/Versions/A/MediaKit
0x00007ff821d67000 	/System/Library/Frameworks/DiscRecording.framework/Versions/A/DiscRecording
0x00007ff81d4a6000 	/System/Library/PrivateFrameworks/NetAuth.framework/Versions/A/NetAuth
0x00007ff8144f9000 	/System/Library/PrivateFrameworks/login.framework/Versions/A/Frameworks/loginsupport.framework/Versions/A/loginsupport
0x00007ff81abd9000 	/System/Library/PrivateFrameworks/IconFoundation.framework/Versions/A/IconFoundation
0x00007ff81a948000 	/usr/lib/libIOReport.dylib
0x00007ffb1d807000 	/System/Library/PrivateFrameworks/AppleMobileFileIntegrity.framework/Versions/A/AppleMobileFileIntegrity
0x00007ffd187fe000 	/usr/lib/libTLE.dylib
0x00007ffa26ccc000 	/System/Library/PrivateFrameworks/ConfigProfileHelper.framework/Versions/A/ConfigProfileHelper
0x00007ff8181cc000 	/usr/lib/libmecab.dylib
0x00007ff80b875000 	/usr/lib/libCRFSuite.dylib
0x00007ff817074000 	/System/Library/PrivateFrameworks/CoreNLP.framework/Versions/A/CoreNLP
0x00007ff819057000 	/usr/lib/libThaiTokenizer.dylib
0x00007ff81819a000 	/usr/lib/libCheckFix.dylib
0x00007ff8134d0000 	/System/Library/PrivateFrameworks/MetadataUtilities.framework/Versions/A/MetadataUtilities
0x00007ffc1154c000 	/System/Library/PrivateFrameworks/InstalledContentLibrary.framework/Versions/A/InstalledContentLibrary
0x00007ff80e32b000 	/System/Library/PrivateFrameworks/CoreServicesStore.framework/Versions/A/CoreServicesStore
0x00007ff925ab6000 	/System/Library/PrivateFrameworks/MobileSystemServices.framework/Versions/A/MobileSystemServices
0x00007ff81a70d000 	/usr/lib/libxslt.1.dylib
0x00007ff818160000 	/System/Library/PrivateFrameworks/BackgroundTaskManagement.framework/Versions/A/BackgroundTaskManagement
0x00007ff824ebf000 	/usr/lib/libcurl.4.dylib
0x00007ffd18b94000 	/usr/lib/libcrypto.46.dylib
0x00007ffd196cc000 	/usr/lib/libssl.48.dylib
0x00007ff824ba4000 	/System/Library/Frameworks/LDAP.framework/Versions/A/LDAP
0x00007ff824bde000 	/System/Library/PrivateFrameworks/TrustEvaluationAgent.framework/Versions/A/TrustEvaluationAgent
0x00007ff81d168000 	/usr/lib/libsasl2.2.dylib
0x00007ff910858000 	/usr/lib/swift/libswiftCoreGraphics.dylib
0x00007ff8216de000 	/usr/lib/swift/libswiftFoundation.dylib
0x00007ffa2675a000 	/usr/lib/swift/libswiftSwiftOnoneSupport.dylib
0x00007ffa135df000 	/System/Library/PrivateFrameworks/CoreMaterial.framework/Versions/A/CoreMaterial
0x00007ffc21035000 	/System/Library/PrivateFrameworks/SFSymbols.framework/Versions/A/SFSymbols
0x00007ff8209ab000 	/System/Library/PrivateFrameworks/SpeechRecognitionCore.framework/Versions/A/SpeechRecognitionCore
0x0000000107187000 	/Library/Java/JavaVirtualMachines/temurin-21.jdk/Contents/Home/lib/server/libjvm.dylib
0x0000000105eda000 	/Library/Java/JavaVirtualMachines/temurin-21.jdk/Contents/Home/lib/libjimage.dylib
0x0000000105f5c000 	/Library/Java/JavaVirtualMachines/temurin-21.jdk/Contents/Home/lib/libjava.dylib
0x0000000106a07000 	/Library/Java/JavaVirtualMachines/temurin-21.jdk/Contents/Home/lib/libnio.dylib
0x0000000106a27000 	/Library/Java/JavaVirtualMachines/temurin-21.jdk/Contents/Home/lib/libnet.dylib
0x0000000106a6b000 	/Library/Java/JavaVirtualMachines/temurin-21.jdk/Contents/Home/lib/libzip.dylib
0x0000000106a3f000 	/Library/Java/JavaVirtualMachines/temurin-21.jdk/Contents/Home/lib/libmanagement.dylib
0x0000000106a53000 	/Library/Java/JavaVirtualMachines/temurin-21.jdk/Contents/Home/lib/libmanagement_ext.dylib
0x0000000106a97000 	/Library/Java/JavaVirtualMachines/temurin-21.jdk/Contents/Home/lib/libextnet.dylib

JVMTI agents: none


VM Arguments:
jvm_args: -Dfile.encoding=UTF-8 -Dstdout.encoding=UTF-8 -Dstderr.encoding=UTF-8 -XX:+ShowCodeDetailsInExceptionMessages 
java_command: org.example.atumari.AtumariApplication
java_class_path (initial): /Users/gimtaehyeon/Desktop/atumari/bin/main:/Users/gimtaehyeon/.gradle/caches/modules-2/files-2.1/software.amazon.awssdk/s3/2.53.1/bcb2883fb7521185fef25906b34b033ac4cfaa53/s3-2.53.1.jar:/Users/gimtaehyeon/.gradle/caches/modules-2/files-2.1/org.springframework.boot/spring-boot-starter-data-jpa/4.0.8/6b21df1b3cd98b2b552d05526ebdd6af409c857/spring-boot-starter-data-jpa-4.0.8.jar:/Users/gimtaehyeon/.gradle/caches/modules-2/files-2.1/org.springframework.boot/spring-boot-starter-jdbc/4.0.8/94e83c6ee8c9380f3d8402002eb494c2ed4d172b/spring-boot-starter-jdbc-4.0.8.jar:/Users/gimtaehyeon/.gradle/caches/modules-2/files-2.1/at.favre.lib/bcrypt/0.10.2/430be75a265cb3b5998807f88f1c40fc750bc63c/bcrypt-0.10.2.jar:/Users/gimtaehyeon/.gradle/caches/modules-2/files-2.1/com.fasterxml.jackson.core/jackson-core/2.21.5/7ec0c8bf8402fa998f64b2009632d6566a42ceb7/jackson-core-2.21.5.jar:/Users/gimtaehyeon/.gradle/caches/modules-2/files-2.1/com.fasterxml.jackson.core/jackson-databind/2.22.2/921bd2092b0c539b2876de7063d55c72edcd05d3/jackson-databind-2.22.2.jar:/Users/gimtaehyeon/.gradle/caches/modules-2/files-2.1/org.springframework.boot/spring-boot-starter-security-oauth2-client/4.0.8/904bd1d29ae01322c168f7903a0f7fd38435519b/spring-boot-starter-security-oauth2-client-4.0.8.jar:/Users/gimtaehyeon/.gradle/caches/modules-2/files-2.1/org.springframework.boot/spring-boot-starter-security/4.0.8/216f0344b92bf3acd9762516b5f08a7d7e976bba/spring-boot-starter-security-4.0.8.jar:/Users/gimtaehyeon/.gradle/caches/modules-2/files-2.1/org.springframework.boot/spring-boot-starter-webmvc/4.0.8/fa5bac7d5d9f560cbae7fabc4a197ad0349fe4da/spring-boot-starter-webmvc-4.0.8.jar:/Users/gimtaehyeon/.gradle/caches/modules-2/files-2.1/org.springframework.boot/spring-boot-starter-validation/4.0.8/75ff3999e993c31a6d566ee6b1b17749944f54b5/spring-boot-starter-validation-4.0.8.jar:/Users/gimtaehyeon/.gradle/caches/modules-2/files-2.1/org.apache.tomcat.embed/tomcat-embed-jasper/11.0.24/a23423e85a4ac85624181a1ae16d2fee2aa8ee85/tomcat-embed-jasper-11.0.24.jar:/Users/gimtaehyeon/.gradle/caches/modules-2/files-2.1/jakarta.servlet.jsp.jstl/jakarta.servlet.jsp.jstl-api/3.0.2/3993114cd341afa42b2c2841c88ef653fa7ef3ee/jakarta.servlet.jsp.jstl-api-3.0.2.jar:/Users/gimtaehyeon/.gradle/caches/modules-2/files-2.1/org.glassfish.web/jakarta.servlet.jsp.jstl/3.0.1/78909a1354585b2a7a2d3b4e348fceff8b6d180/jakarta.servlet.jsp.jstl-3.0.1.jar:/Users/gimtaehyeon/.gradle/caches/modules-2/files-2.1/software.amazon.awssdk/crt-core/2.53.1/87fd65692d04ebe10e365a5131ab05411f80a883/crt-core-2.53.1.jar:/Users/gimtaehyeon/.gradle/caches/modules-2/files-2.1/software.amazon.awssdk/aws-xml-protocol/2.53.1/3e6eb1eb6a16703825eb5782c6d331c0ec691147/aws-xml-protocol-2.53.1.jar:/Users/gimtaehyeon/.gradle/caches/modules-2/files-2.1/software.amazon.awssdk/aws-query-protocol/2.53.1/15d7b47494f2df990a0a94445fbd0f8d15cf5af9/aws-query-protocol-2.53.1.jar:/Users/gimtaehyeon/.gradle/caches/modules-2/files-2.1/software.amazon.awssdk/protocol-core/2.53.1/f8ef9ff0c372cc4825ad1e1db08d790812c98cea/protocol-core-2.53.1.jar:/Users/gimtaehyeon/.gradle/caches/modules-2/files-2.1/software.amazon.awssdk/arns/2.53.1/967f6985ba8cec9e891e2f5a614a5a7eaae6f648/arns-2.53.1.jar:/Users/gimtaehyeon/.gradle/caches/modules-2/files-2.1/software.amazon.awssdk/aws-core/2.53.1/4eb10005761c52fa857b76d0ff7c95b647292f71/aws-core-2.53.1.jar:/Users/gimtaehyeon/.gradle/caches/modules-2/files-2.1/software.amazon.awssdk/auth/2.53.1/87fbeb4dcbbb899e352c6374a5aade55d2264d38/auth-2.53.1.jar:/Users/gimtaehyeon/.gradle/caches/modules-2/files-2.1/software.amazon.awssdk/regions/2.53.1/f9986adf936ed80c003a4f5444b2431e80173b4b/regions-2.53.1.jar:/Users/gimtaehyeon/.gradle/caches/modules-2/files-2.1/software.amazon.awssdk/sdk-core/2.53.1/71241c5e64b4c5578ab1fed976038ee9e4b1183/sdk-core-2.53.1.jar:/Users/gimtaehyeon/.gradle/caches/modules-2/files-2.1/software.amazon.awssdk/profiles/2.53.1/6a56d74f5812cd2042fe73bcf5c428e42c61d0c8/profiles-2.53.1.jar:/Users/gimtaehyeon/.gradle/caches/modules-2/files-2.1/software.amazon.awssdk/http-auth/2.53.1/7b7ce794f000671e6b5f25daf3f9df80b6117c3e/http-auth-2.53.1.jar:/Users/gimtaehyeon/.gradle/caches/modules-2/files-2.1/software.amazon.awssdk/http-auth-aws/2.53.1/8ab1df2feb2cd93f39a1929b410db37f11483858/http-auth-aws-2.53.1.jar:/Users/gimtaehyeon/.gradle/caches/modules-2/files-2.1/software.amazon.awssdk/http-auth-spi/2.53.1/4c038c4f94c1f13e07358cfbe3cd13ed1cb20d32/http-auth-spi-2.53.1.jar:/Users/gimtaehyeon/.gradle/caches/modules-2/files-2.1/software.amazon.awssdk/identity-spi/2.53.1/8807257e82640402fc15524cb82ca4a78182c897/identity-spi-2.53.1.jar:/Users/gimtaehyeon/.gradle/caches/modules-2/files-2.1/software.amazon.awssdk/checksums/2.53.1/36d8c139c6703e0b8c51f8268a5e0a42fe9d290e/checksums-2.53.1.jar:/Users/gimtaehyeon/.gradle/caches/modules-2/files-2.1/software.amazon.awssdk/checksums-spi/2.53.1/c182fd4da655a1b13596ba245d2ea2a38e9ea07a/checksums-spi-2.53.1.jar:/Users/gimtaehyeon/.gradle/caches/modules-2/files-2.1/software.amazon.awssdk/retries/2.53.1/6c5afde017b540ea7ebbfb18fdb212f5e33ae6fd/retries-2.53.1.jar:/Users/gimtaehyeon/.gradle/caches/modules-2/files-2.1/software.amazon.awssdk/retries-spi/2.53.1/f2771d75dcd53a65b3f035ddfc24dc96f6b87614/retries-spi-2.53.1.jar:/Users/gimtaehyeon/.gradle/caches/modules-2/files-2.1/software.amazon.awssdk/http-client-spi/2.53.1/e8d33b698423a2c2b93b6ddc1aa9628014ac0da9/http-client-spi-2.53.1.jar:/Users/gimtaehyeon/.gradle/caches/modules-2/files-2.1/software.amazon.awssdk/metrics-spi/2.53.1/23a3986564992a8afe4f06ee9bbd6d74598af2a4/metrics-spi-2.53.1.jar:/Users/gimtaehyeon/.gradle/caches/modules-2/files-2.1/software.amazon.awssdk/json-utils/2.53.1/c820151fbf5738f2a6cd3f19f86244f5c3eccd8f/json-utils-2.53.1.jar:/Users/gimtaehyeon/.gradle/caches/modules-2/files-2.1/software.amazon.awssdk/utils/2.53.1/1179392497a8eafeb9edd8237f28d540a0b99cb4/utils-2.53.1.jar:/Users/gimtaehyeon/.gradle/caches/modules-2/files-2.1/software.amazon.awssdk/endpoints-spi/2.53.1/6ab55583c6edd98b0d9beba3074ce301351978cf/endpoints-spi-2.53.1.jar:/Users/gimtaehyeon/.gradle/caches/modules-2/files-2.1/software.amazon.awssdk/http-auth-aws-eventstream/2.53.1/b7bb7e7cac59f0987a80025c982f9651b5a00e35/http-auth-aws-eventstream-2.53.1.jar:/Users/gimtaehyeon/.gradle/caches/modules-2/files-2.1/software.amazon.awssdk/utils-lite/2.53.1/e1c4636b256b7ce960e3774965b6b3965534b74b/utils-lite-2.53.1.jar:/Users/gimtaehyeon/.gradle/caches/modules-2/files-2.1/software.amazon.awssdk/annotations/2.53.1/7715ec133ca65117df9d12d740bbd8c034272fe3/annotations-2.53.1.jar:/Users/gimtaehyeon/.gradle/caches/modules-2/files-2.1/software.amazon.awssdk/third-party-jackson-core/2.53.1/955464e5a3f4c48af60db64e451cd8a5955498c/third-party-jackson-core-2.53.1.jar:/Users/gimtaehyeon/.gradle/caches/modules-2/files-2.1/org.springframework.boot/spring-boot-starter-jackson/4.0.8/9afb1a670229e3c1c00bbae6482cb66505a9c176/spring-boot-starter-jackson-4.0.8.jar:/Users/gimtaehyeon/.gradle/caches/modules-2/files-2.1/org.springframework.boot/spring-boot-starter-tomcat/4.0.8/b7652c24b6c77997ace5864cedd418c015bc7994/spring-boot-starter-tomcat-4.0.8.jar:/Users/gimtaehyeon/.gradle/caches/modules-2/files-2.1/org.springframework.boot/spring-boot-starter/4.0.8/79413291d453a1e093b835b3a4f766bbd90ceb09/spring-boot-starter-4.0.8.jar:/Users/gimtaehyeon/.gradle/caches/modules-2/files-2.1/org.springframework.boot/spring-boot-data-jpa/4.0.8/8f7052e5d34f8b434029d812ef110c2e9e329895/spring-boot-data-jpa-4.0.8.jar:/Users/gimtaehyeon/.gradle/caches/modules-2/files-2.1/org.springframework.boot/spring-boot-hibernate/4.0.8/5204d7d05f108c7f93e3676c518fcb652ce84685/spring-boot-hibernate-4.0.8.jar:/Users/gimtaehyeon/.gradle/caches/modules-2/files-2.1/org.springframework.boot/spring-boot-jpa/4.0.8/72b19893fb97942ea666e13399fbd333d74300b9/spring-boot-jpa-4.0.8.jar:/Users/gimtaehyeon/.gradle/caches/modules-2/files-2.1/org.springframework.boot/spring-boot-jdbc/4.0.8/5ea7d98ebfd5490d9d61c806f3e78f5e3da397d3/spring-boot-jdbc-4.0.8.jar:/Users/gimtaehyeon/.gradle/caches/modules-2/files-2.1/com.zaxxer/HikariCP/7.0.2/c2b43c946b86a14a96342379e22b004c56c6166d/HikariCP-7.0.2.jar:/Users/gimtaehyeon/.gradle/caches/modules-2/files-2.1/at.favre.lib/bytes/1.5.0/9617977854566948d767e6da8ec343b1fa107c48/bytes-1.5.0.jar:/Users/gimtaehyeon/.gradle/caches/modules-2/files-2.1/org.springframework.boot/spring-boot-jackson/4.0.8/d98bb27112c24655e6b6b0a5dd3db75a1b4796e6/spring-boot-jackson-4.0.8.jar:/Users/gimtaehyeon/.gradle/caches/modules-2/files-2.1/tools.jackson.core/jackson-core/3.1.5/ccd7eb3269b8d33bc097b36770f367cdfe2f1150/jackson-core-3.1.5.jar:/Users/gimtaehyeon/.gradle/caches/modules-2/files-2.1/tools.jackson.core/jackson-databind/3.1.5/782178f0b1fe088803c03b85eb9a406f60519044/jackson-databind-3.1.5.jar:/Users/gimtaehyeon/.gradle/caches/modules-2/files-2.1/com.fasterxml.jackson.core/jackson-annotations/2.21/b1bc1868bf02dc0bd6c7836257a036a331005309/jackson-annotations-2.21.jar:/Users/gimtaehyeon/.gradle/caches/modules-2/files-2.1/org.springframework.boot/spring-boot-security/4.0.8/e9e9bae2c4e588efcd98f54c43385b8a212f57c8/spring-boot-security-4.0.8.jar:/Users/gimtaehyeon/.gradle/caches/modules-2/files-2.1/org.springframework.data/spring-data-jpa/4.0.7/209c5c83a55718e49e81684c4c80ded7f6f0ed57/spring-data-jpa-4.0.7.jar:/Users/gimtaehyeon/.gradle/caches/modules-2/files-2.1/org.springframework.security/spring-security-config/7.0.7/11b21c715fb9dcdc7b81017113a6a2c4179d2d82/spring-security-config-7.0.7.jar:/Users/gimtaehyeon/.gradle/caches/modules-2/files-2.1/org.springframework.boot/spring-boot-security-oauth2-client/4.0.8/37a8285fc78c15f5dac8f48a0d58d0432878c5ff/spring-boot-security-oauth2-client-4.0.8.jar:/Users/gimtaehyeon/.gradle/caches/modules-2/files-2.1/org.springframework.security/spring-security-oauth2-client/7.0.7/a6375b0e31b995a7a07210c738b5b41453ae59a1/spring-security-oauth2-client-7.0.7.jar:/Users/gimtaehyeon/.gradle/caches/modules-2/files-2.1/org.springframework.security/spring-security-web/7.0.7/7b40d76f6467a42f8a8965b689685dbeb6bb4650/spring-security-web-7.0.7.jar:/Users/gimtaehyeon/.gradle/caches/modules-2/files-2.1/org.springframework.security/spring-security-oauth2-jose/7.0.7/ce481ff076122e157bc2357b39380d7c599214a4/spring-security-oauth2-jose-7.0.7.jar:/Users/gimtaehyeon/.gradle/caches/modules-2/files-2.1/org.springframework.security/spring-security-oauth2-core/7.0.7/eefeef63bbf17aa3614720c381d862aa01bea9ff/spring-security-oauth2-core-7.0.7.jar:/Users/gimtaehyeon/.gradle/caches/modules-2/files-2.1/org.springframework.security/spring-security-core/7.0.7/82f3843fc4ddddfb08be5899be5c2e66e62faa05/spring-security-core-7.0.7.jar:/Users/gimtaehyeon/.gradle/caches/modules-2/files-2.1/org.springframework.boot/spring-boot-webmvc/4.0.8/4f362463ccf5b6e8893d5ce515f07e3df0bc84bf/spring-boot-webmvc-4.0.8.jar:/Users/gimtaehyeon/.gradle/caches/modules-2/files-2.1/org.springframework/spring-webmvc/7.0.9/53b41e6290df1a75fe0e0d16608c80a93bb63bdd/spring-webmvc-7.0.9.jar:/Users/gimtaehyeon/.gradle/caches/modules-2/files-2.1/org.springframework.boot/spring-boot-http-converter/4.0.8/587c55757cc44d6646f232253d8f70de83460454/spring-boot-http-converter-4.0.8.jar:/Users/gimtaehyeon/.gradle/caches/modules-2/files-2.1/org.springframework.boot/spring-boot-validation/4.0.8/832f436284021dc3690dd173549d805062592130/spring-boot-validation-4.0.8.jar:/Users/gimtaehyeon/.gradle/caches/modules-2/files-2.1/org.springframework.boot/spring-boot-autoconfigure/4.0.8/249e870e1d13e51c4e800e477e5d940a99d9ca75/spring-boot-autoconfigure-4.0.8.jar:/Users/gimtaehyeon/.gradle/caches/modules-2/files-2.1/org.springframework.boot/spring-boot-data-commons/4.0.8/e28d34f9f488d10273d9fcfc347b1a4ac8f3b29/spring-boot-data-commons-4.0.8.jar:/Users/gimtaehyeon/.gradle/caches/modules-2/files-2.1/org.springframework.boot/spring-boot-sql/4.0.8/1c5baa4f9d02a39d6d1912c85b50afa5dddca13d/spring-boot-sql-4.0.8.jar:/Users/gimtaehyeon/.gradle/caches/modules-2/files-2.1/org.springframework.boot/spring-boot-transaction/4.0.8/4e47fb913c3957ee46a93df575c57e2ca1dc9cd8/spring-boot-transaction-4.0.8.jar:/Users/gimtaehyeon/.gradle/caches/modules-2/files-2.1/org.springframework.boot/spring-boot-servlet/4.0.8/58a061daf1467c37cbae09149221009ca3f4b187/spring-boot-servlet-4.0.8.jar:/Users/gimtaehyeon/.gradle/caches/modules-2/files-2.1/org.springframework.boot/spring-boot-persistence/4.0.8/9d9362071081d1a9c23541e6cafc7108b9d57a94/spring-boot-persistence-4.0.8.jar:/Users/gimtaehyeon/.gradle/caches/modules-2/files-2.1/org.springframework.boot/spring-boot-starter-tomcat-runtime/4.0.8/1710c1b3a489cb2b4b2712dad615412feeac12e7/spring-boot-starter-tomcat-runtime-4.0.8.jar:/Users/gimtaehyeon/.gradle/caches/modules-2/files-2.1/org.springframework.boot/spring-boot-tomcat/4.0.8/1446ca86427d693833b7afdc1b5b94711992be15/spring-boot-tomcat-4.0.8.jar:/Users/gimtaehyeon/.gradle/caches/modules-2/files-2.1/org.springframework.boot/spring-boot-web-server/4.0.8/f36c87d4a1d46b39ae956baa312cc777cb23856e/spring-boot-web-server-4.0.8.jar:/Users/gimtaehyeon/.gradle/caches/modules-2/files-2.1/org.springframework.boot/spring-boot/4.0.8/77dbf5a493af4f18687f9f58242b570a6842cca7/spring-boot-4.0.8.jar:/Users/gimtaehyeon/.gradle/caches/modules-2/files-2.1/org.springframework/spring-context/7.0.9/7eb8e01ecf1633ddd4d64ca184194f967b6bc0aa/spring-context-7.0.9.jar:/Users/gimtaehyeon/.gradle/caches/modules-2/files-2.1/org.springframework/spring-aop/7.0.9/35f68fd8cdf30444e18835cec152f2619c4c46c7/spring-aop-7.0.9.jar:/Users/gimtaehyeon/.gradle/caches/modules-2/files-2.1/org.apache.tomcat.embed/tomcat-embed-websocket/11.0.24/8cd43556888f042c90115d54b124a4648f2b413f/tomcat-embed-websocket-11.0.24.jar:/Users/gimtaehyeon/.gradle/caches/modules-2/files-2.1/org.apache.tomcat.embed/tomcat-embed-core/11.0.24/172bb449cba1a8ffcffa249727907602a4cc899/tomcat-embed-core-11.0.24.jar:/Users/gimtaehyeon/.gradle/caches/modules-2/files-2.1/org.apache.tomcat.embed/tomcat-embed-el/11.0.24/3eafa072a45e67081452e56576ab4fe68b525fb5/tomcat-embed-el-11.0.24.jar:/Users/gimtaehyeon/.gradle/caches/modules-2/files-2.1/org.eclipse.jdt/ecj/3.45.0/b8700f7acd0931d0f9b0b8822f47dcbb205272ce/ecj-3.45.0.jar:/Users/gimtaehyeon/.gradle/caches/modules-2/files-2.1/jakarta.servlet/jakarta.servlet-api/6.1.0/1169a246913fe3823782af7943e7a103634867c5/jakarta.servlet-api-6.1.0.jar:/Users/gimtaehyeon/.gradle/caches/modules-2/files-2.1/jakarta.el/jakarta.el-api/5.0.0/2a22b304920f43d6427cdefb5ce5f6726e2a63a3/jakarta.el-api-5.0.0.jar:/Users/gimtaehyeon/.gradle/caches/modules-2/files-2.1/org.springframework.boot/spring-boot-starter-logging/4.0.8/58a2ca52478d6304adfb8058cd893f9b51523f8a/spring-boot-starter-logging-4.0.8.jar:/Users/gimtaehyeon/.gradle/caches/modules-2/files-2.1/jakarta.annotation/jakarta.annotation-api/3.0.0/54f928fadec906a99d558536756d171917b9d936/jakarta.annotation-api-3.0.0.jar:/Users/gimtaehyeon/.gradle/caches/modules-2/files-2.1/org.yaml/snakeyaml/2.5/2d53ddec134280cb384c1e35d094e5f71c1f2316/snakeyaml-2.5.jar:/Users/gimtaehyeon/.gradle/caches/modules-2/files-2.1/org.springframework/spring-aspects/7.0.9/c1a59e3288b75d061034da5a9af4e254d9cd4c82/spring-aspects-7.0.9.jar:/Users/gimtaehyeon/.gradle/caches/modules-2/files-2.1/org.springframework/spring-orm/7.0.9/6e3089628cb98c4b8498d4b0c9ff0df17de6afb/spring-orm-7.0.9.jar:/Users/gimtaehyeon/.gradle/caches/modules-2/files-2.1/org.springframework/spring-jdbc/7.0.9/b1cfa486ba259e5fc93c67db9ad199ac44ac2f6d/spring-jdbc-7.0.9.jar:/Users/gimtaehyeon/.gradle/caches/modules-2/files-2.1/ch.qos.logback/logback-classic/1.5.38/bc5873cb4a7f502ce18ce2977d98ad26b9f96444/logback-classic-1.5.38.jar:/Users/gimtaehyeon/.gradle/caches/modules-2/files-2.1/org.apache.logging.log4j/log4j-to-slf4j/2.25.5/bafb12d62913815e040218e34c80d75ad6db09c1/log4j-to-slf4j-2.25.5.jar:/Users/gimtaehyeon/.gradle/caches/modules-2/files-2.1/org.slf4j/jul-to-slf4j/2.0.18/79739c98001d5c9d078d087d5a348ec9e474ec8f/jul-to-slf4j-2.0.18.jar:/Users/gimtaehyeon/.gradle/caches/modules-2/files-2.1/org.springframework.data/spring-data-commons/4.0.7/76e5c082ff5303ca165892046e62f9d6dfe327e8/spring-data-commons-4.0.7.jar:/Users/gimtaehyeon/.gradle/caches/modules-2/files-2.1/org.slf4j/slf4j-api/2.0.18/78a9e7a37cd6360e0b818e86341b24123d28d4df/slf4j-api-2.0.18.jar:/Users/gimtaehyeon/.gradle/caches/modules-2/files-2.1/org.springframework/spring-web/7.0.9/c42f4ce0cded1526527296726c4ed30335dfaa10/spring-web-7.0.9.jar:/Users/gimtaehyeon/.gradle/caches/modules-2/files-2.1/org.springframework/spring-tx/7.0.9/4912434272ba05818632fe87844532ae98a4af40/spring-tx-7.0.9.jar:/Users/gimtaehyeon/.gradle/caches/modules-2/files-2.1/org.springframework/spring-beans/7.0.9/2bee42fa948a5f32761fd0838de3baa1f51c0225/spring-beans-7.0.9.jar:/Users/gimtaehyeon/.gradle/caches/modules-2/files-2.1/org.springframework/spring-expression/7.0.9/9452ece85b97fa3e208046cc3a7e985c314b0034/spring-expression-7.0.9.jar:/Users/gimtaehyeon/.gradle/caches/modules-2/files-2.1/org.springframework/spring-core/7.0.9/e03c619fc5b26931973277f5ba65ae47967a20e3/spring-core-7.0.9.jar:/Users/gimtaehyeon/.gradle/caches/modules-2/files-2.1/com.nimbusds/oauth2-oidc-sdk/11.26.1/fe01570e55df6e4d56ecc0a481d5ccf95ae1363/oauth2-oidc-sdk-11.26.1.jar:/Users/gimtaehyeon/.gradle/caches/modules-2/files-2.1/com.nimbusds/nimbus-jose-jwt/10.4/ca983d3f13080567e36ea554a15af38f31a0cb4/nimbus-jose-jwt-10.4.jar:/Users/gimtaehyeon/.gradle/caches/modules-2/files-2.1/org.hibernate.validator/hibernate-validator/9.0.1.Final/28c0e41ecc84d1f0b8b6d81d16e0784e63364e68/hibernate-validator-9.0.1.Final.jar:/Users/gimtaehyeon/.gradle/caches/modules-2/files-2.1/org.apache.tomcat/tomcat-annotations-api/11.0.24/ea6a6eab098348b5e78a45bb5f391f6d46443441/tomcat-annotations-api-11.0.24.jar:/Users/gimtaehyeon/.gradle/caches/modules-2/files-2.1/org.reactivestreams/reactive-streams/1.0.4/3864a1320d97d7b045f729a326e1e077661f31b7/reactive-streams-1.0.4.jar:/Users/gimtaehyeon/.gradle/caches/modules-2/files-2.1/software.amazon.eventstream/eventstream/1.0.1/6ff8649dffc5190366ada897ba8525a836297784/eventstream-1.0.1.jar:/Users/gimtaehyeon/.gradle/caches/modules-2/files-2.1/org.hibernate.orm/hibernate-core/7.2.24.Final/307b69b6c84bb89894b3689216b762475f034869/hibernate-core-7.2.24.Final.jar:/Users/gimtaehyeon/.gradle/caches/modules-2/files-2.1/org.antlr/antlr4-runtime/4.13.2/fc3db6d844df652a3d5db31c87fa12757f13691d/antlr4-runtime-4.13.2.jar:/Users/gimtaehyeon/.gradle/caches/modules-2/files-2.1/org.aspectj/aspectjweaver/1.9.25.1/a713c790da4d794c7dfb542b550d4e44898d5e23/aspectjweaver-1.9.25.1.jar:/Users/gimtaehyeon/.gradle/caches/modules-2/files-2.1/commons-logging/commons-logging/1.3.6/63e78ca6cd446c0ad166d14f03ed99e7efb3896d/commons-logging-1.3.6.jar:/Users/gimtaehyeon/.gradle/caches/modules-2/files-2.1/io.micrometer/micrometer-observation/1.16.7/5387e97e74b61892affb7c4b4cafa9df6d6ca6d2/micrometer-observation-1.16.7.jar:/Users/gimtaehyeon/.gradle/caches/modules-2/files-2.1/org.apache.logging.log4j/log4j-api/2.25.5/6c80ea65e41f7858f7e15cb390c98c36167c7b3a/log4j-api-2.25.5.jar:/Users/gimtaehyeon/.gradle/caches/modules-2/files-2.1/io.micrometer/micrometer-commons/1.16.7/ed85a2983e52358be84a6c8c3522b968ff41e500/micrometer-commons-1.16.7.jar:/Users/gimtaehyeon/.gradle/caches/modules-2/files-2.1/org.jspecify/jspecify/1.0.1/3d60fd98eb8ade73004f4195c37b6317e02cf3d7/jspecify-1.0.1.jar:/Users/gimtaehyeon/.gradle/caches/modules-2/files-2.1/org.springframework.security/spring-security-crypto/7.0.7/c42c051f015af3c58a4efafa03522df43df92053/spring-security-crypto-7.0.7.jar:/Users/gimtaehyeon/.gradle/caches/modules-2/files-2.1/jakarta.validation/jakarta.validation-api/3.1.1/ec8622148afc5564235d17af80ea80288d0e7f92/jakarta.validation-api-3.1.1.jar:/Users/gimtaehyeon/.gradle/caches/modules-2/files-2.1/org.jboss.logging/jboss-logging/3.6.3.Final/1cc9f976725720bb4a66f80af3e3aa6b9890d969/jboss-logging-3.6.3.Final.jar:/Users/gimtaehyeon/.gradle/caches/modules-2/files-2.1/com.fasterxml/classmate/1.7.3/f61c7e7b81e9249b0f6a05914eff9d54fb09f4a0/classmate-1.7.3.jar:/Users/gimtaehyeon/.gradle/caches/modules-2/files-2.1/ch.qos.logback/logback-core/1.5.38/7b1d133b29bf42ff268cf3f71d1308b80480fb8d/logback-core-1.5.38.jar:/Users/gimtaehyeon/.gradle/caches/modules-2/files-2.1/biz.aQute.bnd/biz.aQute.bnd.annotation/7.1.0/2f2be18c936d08cf46ea6cfa0043f34afdf38705/biz.aQute.bnd.annotation-7.1.0.jar:/Users/gimtaehyeon/.gradle/caches/modules-2/files-2.1/com.google.errorprone/error_prone_annotations/2.38.0/fc0ae991433e8590ba51cd558421478318a74c8c/error_prone_annotations-2.38.0.jar:/Users/gimtaehyeon/.gradle/caches/modules-2/files-2.1/org.osgi/org.osgi.annotation.bundle/2.0.0/f5c2cd6e670c3c5d440d3003efd5ef2ead5c68eb/org.osgi.annotation.bundle-2.0.0.jar:/Users/gimtaehyeon/.gradle/caches/modules-2/files-2.1/org.osgi/org.osgi.annotation.versioning/1.1.2/dc3cd4ec96c0b3c5459fe00694bd73a816ecf93e/org.osgi.annotation.versioning-1.1.2.jar:/Users/gimtaehyeon/.gradle/caches/modules-2/files-2.1/jakarta.persistence/jakarta.persistence-api/3.2.0/bb75a113f3fa191c2c7ee7b206d8e674251b3129/jakarta.persistence-api-3.2.0.jar:/Users/gimtaehyeon/.gradle/caches/modules-2/files-2.1/jakarta.transaction/jakarta.transaction-api/2.0.1/51a520e3fae406abb84e2e1148e6746ce3f80a1a/jakarta.transaction-api-2.0.1.jar:/Users/gimtaehyeon/.gradle/caches/modules-2/files-2.1/com.github.stephenc.jcip/jcip-annotations/1.0-1/ef31541dd28ae2cefdd17c7ebf352d93e9058c63/jcip-annotations-1.0-1.jar:/Users/gimtaehyeon/.gradle/caches/modules-2/files-2.1/com.nimbusds/content-type/2.3/e3aa0be212d7a42839a8f3f506f5b990bcce0222/content-type-2.3.jar:/Users/gimtaehyeon/.gradle/caches/modules-2/files-2.1/net.minidev/json-smart/2.6.0/5f858a43a325a8673da6869ab2bc787a1bcb2244/json-smart-2.6.0.jar:/Users/gimtaehyeon/.gradle/caches/modules-2/files-2.1/com.nimbusds/lang-tag/1.7/97c73ecd70bc7e8eefb26c5eea84f251a63f1031/lang-tag-1.7.jar:/Users/gimtaehyeon/.gradle/caches/modules-2/files-2.1/org.osgi/org.osgi.resource/1.0.0/343c88949132984b3f2d4175a72c40b77dc65619/org.osgi.resource-1.0.0.jar:/Users/gimtaehyeon/.gradle/caches/modules-2/files-2.1/org.osgi/org.osgi.service.serviceloader/1.0.0/3728ff37909c6a3c1870b3e851342d9f2bd3cc63/org.osgi.service.serviceloader-1.0.0.jar:/Users/gimtaehyeon/.gradle/caches/modules-2/files-2.1/net.minidev/accessors-smart/2.6.0/2d96f1d9b6ab7f13261aa81b15703574185747a0/accessors-smart-2.6.0.jar:/Users/gimtaehyeon/.gradle/caches/modules-2/files-2.1/org.ow2.asm/asm/9.7.1/f0ed132a49244b042cd0e15702ab9f2ce3cc8436/asm-9.7.1.jar:/Users/gimtaehyeon/.gradle/caches/modules-2/files-2.1/com.mysql/mysql-connector-j/9.7.0/4e6e3e8765e4a9d0609744b3e8fe75afe1b98cba/mysql-connector-j-9.7.0.jar:/Users/gimtaehyeon/.gradle/caches/modules-2/files-2.1/software.amazon.awssdk/apache5-client/2.53.1/6c5999c1c3248772d079c3c87e5a2d714a7b9450/apache5-client-2.53.1.jar:/Users/gimtaehyeon/.gradle/caches/modules-2/files-2.1/software.amazon.awssdk/netty-nio-client/2.53.1/c14ad70867cb9b55f8cc0b5c6f189f789981d473/netty-nio-client-2.53.1.jar:/Users/gimtaehyeon/.gradle/caches/modules-2/files-2.1/org.apache.httpcomponents.client5/httpclient5/5.5.2/779933c00befc33a2e96b6556fb1a7536f1adf8f/httpclient5-5.5.2.jar:/Users/gimtaehyeon/.gradle/caches/modules-2/files-2.1/org.apache.httpcomponents.core5/httpcore5-h2/5.3.6/5b4b321d0001aac957f5db293e3cbc4099fc15b8/httpcore5-h2-5.3.6.jar:/Users/gimtaehyeon/.gradle/caches/modules-2/files-2.1/org.apache.httpcomponents.core5/httpcore5/5.3.6/2c7f0d11747f9485a02c9f622c0f0477d7ce8677/httpcore5-5.3.6.jar:/Users/gimtaehyeon/.gradle/caches/modules-2/files-2.1/io.netty/netty-codec-http2/4.2.17.Final/cf440d723f9679df95a1c5b89dbff8867deee41e/netty-codec-http2-4.2.17.Final.jar:/Users/gimtaehyeon/.gradle/caches/modules-2/files-2.1/io.netty/netty-codec-http/4.2.17.Final/67610763a8f351161a9bad705a83e9a96a49e92f/netty-codec-http-4.2.17.Final.jar:/Users/gimtaehyeon/.gradle/caches/modules-2/files-2.1/io.netty/netty-codec/4.2.17.Final/87cf7956788d6cb451f5018fdd2b0973c9fdcc47/netty-codec-4.2.17.Final.jar:/Users/gimtaehyeon/.gradle/caches/modules-2/files-2.1/io.netty/netty-handler/4.2.17.Final/ed53dae90d09306b42bc886fa292510abdf5c5dc/netty-handler-4.2.17.Final.jar:/Users/gimtaehyeon/.gradle/caches/modules-2/files-2.1/io.netty/netty-transport-classes-epoll/4.2.17.Final/ac30be5ef672aa7a213c7753ed803eeaf2943783/netty-transport-classes-epoll-4.2.17.Final.jar:/Users/gimtaehyeon/.gradle/caches/modules-2/files-2.1/io.netty/netty-codec-compression/4.2.17.Final/ac6829387c962174e2efbcc94e833c9524ca1459/netty-codec-compression-4.2.17.Final.jar:/Users/gimtaehyeon/.gradle/caches/modules-2/files-2.1/io.netty/netty-codec-protobuf/4.2.17.Final/3390d16030c6e3bcc2ef8a31718222e45e1fb9a1/netty-codec-protobuf-4.2.17.Final.jar:/Users/gimtaehyeon/.gradle/caches/modules-2/files-2.1/io.netty/netty-codec-marshalling/4.2.17.Final/168871f9f073d58cc5ff2fcac2d3bf9edd2eed82/netty-codec-marshalling-4.2.17.Final.jar:/Users/gimtaehyeon/.gradle/caches/modules-2/files-2.1/io.netty/netty-codec-base/4.2.17.Final/7034de26b574322f365c790b9d6eb0634edab854/netty-codec-base-4.2.17.Final.jar:/Users/gimtaehyeon/.gradle/caches/modules-2/files-2.1/io.netty/netty-transport-native-unix-common/4.2.17.Final/c404f2366b51136d4a2fde678eec95be6d10ca16/netty-transport-native-unix-common-4.2.17.Final.jar:/Users/gimtaehyeon/.gradle/caches/modules-2/files-2.1/io.netty/netty-transport/4.2.17.Final/34335dc106caa0aefc242900d38ade65c8de64f4/netty-transport-4.2.17.Final.jar:/Users/gimtaehyeon/.gradle/caches/modules-2/files-2.1/io.netty/netty-buffer/4.2.17.Final/daba397ff4ce7b22f6ac1e1f419e6e7754c135be/netty-buffer-4.2.17.Final.jar:/Users/gimtaehyeon/.gradle/caches/modules-2/files-2.1/io.netty/netty-resolver/4.2.17.Final/6cba9d93bb06297cef0b7ac34e3873b6a25b4e3b/netty-resolver-4.2.17.Final.jar:/Users/gimtaehyeon/.gradle/caches/modules-2/files-2.1/io.netty/netty-common/4.2.17.Final/57fa9e9af0bf70530e2fe1c8c8d6138f9167cf7a/netty-common-4.2.17.Final.jar:/Users/gimtaehyeon/.gradle/caches/modules-2/files-2.1/org.hibernate.models/hibernate-models/1.0.1/3158c5f9309494b905de62c72f6f02d108aea651/hibernate-models-1.0.1.jar:/Users/gimtaehyeon/.gradle/caches/modules-2/files-2.1/net.bytebuddy/byte-buddy/1.17.8/af5735f63d00ca47a9375fae5c7471a36331c6ed/byte-buddy-1.17.8.jar:/Users/gimtaehyeon/.gradle/caches/modules-2/files-2.1/org.glassfish.jaxb/jaxb-runtime/4.0.9/500c199572538675d2819c938fbafe34935d8d6b/jaxb-runtime-4.0.9.jar:/Users/gimtaehyeon/.gradle/caches/modules-2/files-2.1/org.glassfish.jaxb/jaxb-core/4.0.9/3f32ec949d109d666fa30994223d1c25a47b105f/jaxb-core-4.0.9.jar:/Users/gimtaehyeon/.gradle/caches/modules-2/files-2.1/jakarta.xml.bind/jakarta.xml.bind-api/4.0.5/161811f36cad3c65991502e80317f2f6703361df/jakarta.xml.bind-api-4.0.5.jar:/Users/gimtaehyeon/.gradle/caches/modules-2/files-2.1/jakarta.inject/jakarta.inject-api/2.0.1/4c28afe1991a941d7702fe1362c365f0a8641d1e/jakarta.inject-api-2.0.1.jar:/Users/gimtaehyeon/.gradle/caches/modules-2/files-2.1/org.eclipse.angus/angus-activation/2.0.3/7f80607ea5014fef0b1779e6c33d63a88a45a563/angus-activation-2.0.3.jar:/Users/gimtaehyeon/.gradle/caches/modules-2/files-2.1/jakarta.activation/jakarta.activation-api/2.1.4/9e5c2a0d75dde71a0bedc4dbdbe47b78a5dc50f8/jakarta.activation-api-2.1.4.jar:/Users/gimtaehyeon/.gradle/caches/modules-2/files-2.1/org.glassfish.jaxb/txw2/4.0.9/70325ebdebca3e7aae1dfa395fd41fc25d8a6f4e/txw2-4.0.9.jar:/Users/gimtaehyeon/.gradle/caches/modules-2/files-2.1/com.sun.istack/istack-commons-runtime/4.1.2/18ec117c85f3ba0ac65409136afa8e42bc74e739/istack-commons-runtime-4.1.2.jar
Launcher Type: SUN_STANDARD

[Global flags]
     intx CICompilerCount                          = 4                                         {product} {ergonomic}
     uint ConcGCThreads                            = 2                                         {product} {ergonomic}
     uint G1ConcRefinementThreads                  = 8                                         {product} {ergonomic}
   size_t G1HeapRegionSize                         = 1048576                                   {product} {ergonomic}
    uintx GCDrainStackTargetSize                   = 64                                        {product} {ergonomic}
   size_t InitialHeapSize                          = 134217728                                 {product} {ergonomic}
   size_t MarkStackSize                            = 4194304                                   {product} {ergonomic}
   size_t MaxHeapSize                              = 2147483648                                {product} {ergonomic}
   size_t MaxNewSize                               = 1287651328                                {product} {ergonomic}
   size_t MinHeapDeltaBytes                        = 1048576                                   {product} {ergonomic}
   size_t MinHeapSize                              = 8388608                                   {product} {ergonomic}
    uintx NonNMethodCodeHeapSize                   = 5839372                                {pd product} {ergonomic}
    uintx NonProfiledCodeHeapSize                  = 122909434                              {pd product} {ergonomic}
    uintx ProfiledCodeHeapSize                     = 122909434                              {pd product} {ergonomic}
    uintx ReservedCodeCacheSize                    = 251658240                              {pd product} {ergonomic}
     bool SegmentedCodeCache                       = true                                      {product} {ergonomic}
     bool ShowCodeDetailsInExceptionMessages       = true                                   {manageable} {command line}
   size_t SoftMaxHeapSize                          = 2147483648                             {manageable} {ergonomic}
     bool UseCompressedOops                        = true                           {product lp64_product} {ergonomic}
     bool UseG1GC                                  = true                                      {product} {ergonomic}
     bool UseNUMA                                  = false                                     {product} {ergonomic}
     bool UseNUMAInterleaving                      = false                                     {product} {ergonomic}

Logging:
Log output configuration:
 #0: stdout all=warning uptime,level,tags foldmultilines=false
 #1: stderr all=off uptime,level,tags foldmultilines=false

Release file:
IMPLEMENTOR="Eclipse Adoptium"
IMPLEMENTOR_VERSION="Temurin-21.0.10+7"
JAVA_RUNTIME_VERSION="21.0.10+7-LTS"
JAVA_VERSION="21.0.10"
JAVA_VERSION_DATE="2026-01-20"
LIBC="default"
MODULES="java.base java.compiler java.datatransfer java.xml java.prefs java.desktop java.instrument java.logging java.management java.security.sasl java.naming java.rmi java.management.rmi java.net.http java.scripting java.security.jgss java.transaction.xa java.sql java.sql.rowset java.xml.crypto java.se java.smartcardio jdk.accessibility jdk.internal.jvmstat jdk.attach jdk.charsets jdk.internal.opt jdk.zipfs jdk.compiler jdk.crypto.ec jdk.crypto.cryptoki jdk.dynalink jdk.internal.ed jdk.editpad jdk.hotspot.agent jdk.httpserver jdk.incubator.vector jdk.internal.le jdk.internal.vm.ci jdk.internal.vm.compiler jdk.internal.vm.compiler.management jdk.jartool jdk.javadoc jdk.jcmd jdk.management jdk.management.agent jdk.jconsole jdk.jdeps jdk.jdwp.agent jdk.jdi jdk.jfr jdk.jlink jdk.jpackage jdk.jshell jdk.jsobject jdk.jstatd jdk.localedata jdk.management.jfr jdk.naming.dns jdk.naming.rmi jdk.net jdk.nio.mapmode jdk.random jdk.sctp jdk.security.auth jdk.security.jgss jdk.unsupported jdk.unsupported.desktop jdk.xml.dom"
OS_ARCH="x86_64"
OS_NAME="Darwin"
SOURCE=".:git:a633eafe0fcc"
BUILD_SOURCE="git:458965074606f027bd5afce2cfd5c1055dea0438"
BUILD_SOURCE_REPO="https://github.com/adoptium/temurin-build.git"
SOURCE_REPO="https://github.com/adoptium/jdk21u.git"
FULL_VERSION="21.0.10+7-LTS"
SEMANTIC_VERSION="21.0.10+7"
BUILD_INFO="OS: macOS Version: 14.1 23B74"
JVM_VARIANT="Hotspot"
JVM_VERSION="21.0.10+7-LTS"
IMAGE_TYPE="JDK"

Environment Variables:
PATH=/usr/bin:/bin:/usr/sbin:/sbin
SHELL=/bin/bash
TMPDIR=/var/folders/w6/c9csc47d5rz093t26kq9h1lm0000gn/T/

Active Locale:
LC_ALL=C
LC_COLLATE=C
LC_CTYPE=C
LC_MESSAGES=C
LC_MONETARY=C
LC_NUMERIC=C
LC_TIME=C

Signal Handlers:
   SIGSEGV: crash_handler in libjvm.dylib, mask=11100110000111110111111111111111, flags=SA_ONSTACK|SA_RESTART|SA_SIGINFO, unblocked
    SIGBUS: crash_handler in libjvm.dylib, mask=11100110000111110111111111111111, flags=SA_RESTART|SA_SIGINFO, unblocked
    SIGFPE: crash_handler in libjvm.dylib, mask=11100110000111110111111111111111, flags=SA_RESTART|SA_SIGINFO, unblocked
   SIGPIPE: javaSignalHandler in libjvm.dylib, mask=11100110000111110111111111111111, flags=SA_RESTART|SA_SIGINFO, blocked
   SIGXFSZ: javaSignalHandler in libjvm.dylib, mask=11100110000111110111111111111111, flags=SA_RESTART|SA_SIGINFO, blocked
    SIGILL: crash_handler in libjvm.dylib, mask=11100110000111110111111111111111, flags=SA_RESTART|SA_SIGINFO, unblocked
   SIGUSR2: SR_handler in libjvm.dylib, mask=00000000000000000000000000000000, flags=SA_RESTART|SA_SIGINFO, blocked
    SIGHUP: UserHandler in libjvm.dylib, mask=11100110000111110111111111111111, flags=SA_RESTART|SA_SIGINFO, blocked
    SIGINT: UserHandler in libjvm.dylib, mask=11100110000111110111111111111111, flags=SA_RESTART|SA_SIGINFO, blocked
   SIGTERM: UserHandler in libjvm.dylib, mask=11100110000111110111111111111111, flags=SA_RESTART|SA_SIGINFO, blocked
   SIGQUIT: UserHandler in libjvm.dylib, mask=11100110000111110111111111111111, flags=SA_RESTART|SA_SIGINFO, blocked
   SIGTRAP: crash_handler in libjvm.dylib, mask=11100110000111110111111111111111, flags=SA_RESTART|SA_SIGINFO, unblocked


Periodic native trim disabled

---------------  S Y S T E M  ---------------

OS:
uname: Darwin 24.6.0 Darwin Kernel Version 24.6.0: Tue Jul 21 20:50:07 PDT 2026; root:xnu-11417.140.69.711.44~1/RELEASE_X86_64 x86_64
OS uptime: 31 days 8:05 hours
rlimit (soft/hard): STACK 8192k/65532k , CORE 0k/infinity , NPROC 1392/2088 , NOFILE 1048576/infinity , AS infinity/infinity , CPU infinity/infinity , DATA infinity/infinity , FSIZE infinity/infinity , MEMLOCK infinity/infinity , RSS infinity/infinity
load average: 3.57 3.34 4.15

CPU: total 8 (initial active 8) (4 cores per cpu, 2 threads per core) family 6 model 142 stepping 10 microcode 0xf6, cx8, cmov, fxsr, ht, mmx, 3dnowpref, sse, sse2, sse3, ssse3, sse4.1, sse4.2, popcnt, lzcnt, tsc, tscinvbit, avx, avx2, aes, erms, clmul, bmi1, bmi2, adx, fma, vzeroupper, clflush, clflushopt, rdtscp, f16c
machdep.cpu.brand_string:Intel(R) Core(TM) i5-8257U CPU @ 1.40GHz
hw.cpufrequency:1400000000
hw.cpufrequency_min:1400000000
hw.cpufrequency_max:1400000000
hw.cachelinesize:64
hw.l1icachesize:32768
hw.l1dcachesize:32768
hw.l2cachesize:262144
hw.l3cachesize:6291456

Memory: 4k page, physical 8388608k(206504k free), swap 5242880k(1351936k free)

vm_info: OpenJDK 64-Bit Server VM (21.0.10+7-LTS) for bsd-amd64 JRE (21.0.10+7-LTS), built on 2026-01-20T00:00:00Z by "admin" with clang Apple LLVM 15.0.0 (clang-1500.1.0.2.5)

END.
